Site,Insertions,Deletions,SNPs
10,0,0,7
100,0,1,0
10002,2,0,0
10003,0,0,12
10005,0,0,8
10006,2,0,10
10007,0,0,54
1001,0,0,2
10013,0,0,4
10017,0,0,8
10018,0,0,13
10026,0,0,3
10029,0,0,9
10031,0,0,23
10034,0,0,2
10039,0,0,2
10040,0,0,3
10041,0,0,1
10042,0,0,37
10043,0,0,3
10045,0,0,2
10049,0,0,1
1005,0,0,12
10055,0,0,25
10057,0,0,3
1007,1,0,20
10076,0,0,5
1008,0,0,7
10081,0,0,1
10083,0,0,2
10084,0,0,57
10086,0,0,21
10088,0,0,3
10092,0,0,1
10094,0,0,2
10095,0,0,5
10097,0,0,4
101,0,1,2
10101,0,0,62
10103,0,0,2
10109,0,0,3
10111,0,0,2
10112,0,0,3
10118,0,0,14
10124,0,0,2
10127,0,0,1
10128,0,0,6
10133,0,0,1
10136,0,0,39
10142,0,0,3
10143,0,0,27
10151,0,0,1
10154,0,0,2
10159,0,0,5
10160,0,0,6
10163,0,0,1
10166,0,0,9
10172,0,0,29
1018,0,0,13
10181,0,0,2
10184,0,0,2
10187,0,0,22
10188,0,0,5
10189,0,0,1
1019,0,0,3
10190,0,0,3
10191,0,0,2
10192,0,0,31
10193,0,0,2
10196,0,0,5
10199,0,0,1
102,0,1,0
10202,0,0,2
10203,0,0,4
10208,0,0,25
10211,0,0,7
10212,0,0,1
10217,0,0,1
10220,0,0,2
10223,0,0,21
10227,0,0,2
10232,0,0,3
10235,0,0,31
10237,0,0,11
10238,0,0,144
10241,0,0,1
10245,0,0,51
10247,0,0,1
10248,0,0,18
10250,0,0,38
10256,0,0,25
10259,0,0,1
10262,0,0,8
10265,0,0,42
10268,0,0,4
10269,0,0,3
1027,0,0,54
10271,0,0,2
10274,0,0,23
10275,0,0,2
10277,0,0,1
10280,0,0,1
10281,0,0,2
10283,0,0,7
10286,0,0,7
10289,0,0,38
10292,0,0,5
10293,0,0,2
10295,0,0,4
103,0,1,15
10304,0,0,29
10306,0,0,3
10307,0,0,1
10310,0,0,81
10313,0,0,9
10314,0,0,1
10319,0,0,4
10320,0,0,32
10321,0,0,31
10322,0,0,1
10323,0,0,1
10324,0,0,1
10325,0,0,14
10326,0,0,2
10327,0,0,8
10328,0,0,1
10331,0,0,3
10334,0,0,1
10335,0,0,18
10338,0,0,3
10340,0,0,1
10343,0,0,28
10346,0,0,6
10350,0,0,1
10352,0,0,3
10356,0,0,1
10358,0,0,2
10359,0,0,1
10361,0,0,5
10364,0,0,43
10365,0,0,1
1037,0,0,1
10370,0,0,45
10373,0,0,48
10377,0,0,3
10379,0,0,22
1038,0,0,5
10382,0,0,1
10385,0,0,1
10388,0,0,4
10389,0,0,3
1039,0,0,5
10397,0,0,3
10398,0,0,139
10399,0,0,4
104,0,1,0
1040,0,0,3
10400,0,0,9
10403,0,0,13
1041,0,0,25
10410,0,0,80
1042,0,0,5
10420,0,0,9
10421,0,0,1
10427,0,0,10
10446,0,0,2
10448,0,0,2
10454,0,0,11
10455,0,0,1
10456,0,0,1
10457,0,0,5
10463,0,0,58
10469,0,0,1
1047,0,0,13
10473,0,0,1
10479,0,0,11
1048,0,0,7
10481,0,0,5
10484,0,0,1
10487,0,0,2
10490,0,0,5
10493,0,0,5
10495,0,0,15
10496,0,0,4
10499,0,0,13
105,0,1,0
10502,0,0,1
10506,0,0,6
10514,0,0,2
10517,0,0,1
10523,0,0,4
10527,0,0,17
10529,0,0,1
1053,0,0,8
10530,0,0,16
10532,0,0,2
10535,0,0,7
10538,0,0,3
10541,0,0,6
10544,0,0,1
10547,0,0,3
10550,0,0,7
10553,0,0,1
10556,0,0,8
10562,0,0,3
10577,0,0,4
10581,0,0,7
10583,0,0,5
10586,0,0,41
10587,0,0,2
10589,0,0,20
10595,0,0,9
10598,0,0,5
106,0,5,0
10601,0,0,14
10602,0,0,2
10604,0,0,81
10605,0,0,1
10609,0,0,9
10619,0,0,6
10622,0,0,9
10632,0,0,4
10634,0,0,4
10635,0,0,1
10637,0,0,8
1064,0,0,2
10640,0,0,19
10641,0,0,1
10643,0,0,5
10644,0,0,2
10646,0,0,37
10649,0,0,6
10652,0,0,8
10653,0,0,23
10654,0,0,11
10655,0,0,5
10658,0,0,4
10659,0,0,2
10664,0,0,5
10667,0,0,6
10670,0,0,1
10673,0,0,3
10676,0,0,3
10679,0,0,5
10680,0,0,7
10682,0,0,1
10685,0,0,64
10688,0,0,16
10694,0,0,12
10697,0,0,1
107,0,5,0
10700,0,0,26
10703,0,0,4
10704,0,0,3
10705,0,0,2
10709,0,0,1
10712,0,0,2
10715,0,0,2
10721,0,0,1
10724,0,0,57
10727,0,0,4
10728,0,0,3
10730,0,0,3
10734,0,0,1
10736,0,0,25
10742,0,0,28
10744,0,0,1
10746,0,0,1
10748,0,0,2
10750,0,0,78
10751,0,0,2
10754,0,0,24
10757,0,0,27
10763,0,0,1
10768,0,0,7
10769,0,0,8
10774,0,0,6
10775,0,0,2
10777,0,0,6
10780,0,0,3
10786,0,0,1
10790,0,0,57
10793,0,0,17
10795,0,0,9
10798,0,0,9
108,0,5,0
10801,0,0,4
10807,0,0,14
10808,0,0,4
1081,0,0,1
10810,0,0,8
10819,0,0,5
10828,0,0,6
10831,0,0,3
10834,0,0,18
10837,0,0,1
10839,0,0,2
10843,0,0,3
10845,0,0,4
10846,0,0,4
10849,0,0,16
10852,0,0,2
10853,0,0,10
10855,0,0,4
10858,0,0,21
10861,0,0,5
10864,0,0,10
10866,0,0,3
10867,0,0,1
10870,0,0,5
10873,0,0,11
10874,0,0,1
10876,0,0,7
10877,0,0,5
10882,0,0,5
10885,0,0,2
10887,0,0,1
10891,0,0,1
10894,0,0,6
10897,0,0,2
10899,0,0,1
109,0,5,1
10900,0,0,4
10903,0,0,2
10906,0,0,2
10907,0,0,17
10908,0,0,1
10909,0,0,18
10912,0,0,1
10914,0,0,4
10915,0,0,40
10918,0,0,1
10919,0,0,1
10920,0,0,8
10924,0,0,1
10927,0,0,17
10933,0,0,9
10936,0,0,6
1094,0,0,1
10940,0,0,4
10942,0,0,2
10943,0,0,4
10948,0,0,4
1095,0,0,3
10951,0,0,1
10960,0,0,2
10961,0,0,1
10963,0,0,13
10966,0,0,16
10967,0,0,2
10969,0,0,2
10972,0,0,54
10975,0,0,4
10976,0,0,2
10978,0,0,63
10981,0,0,1
10984,0,0,2
10990,0,0,12
10993,0,0,22
10996,0,0,2
110,0,5,0
11002,0,0,18
11005,0,0,1
11008,0,0,4
11009,0,0,8
11011,0,0,2
11014,0,0,1
11016,0,0,68
11017,0,0,17
11020,0,0,15
11023,0,0,22
11024,0,0,19
11025,0,0,14
11026,0,0,3
11029,0,0,1
11038,0,0,2
11039,0,0,1
11044,0,0,1
11047,0,0,3
11050,0,0,14
11051,0,0,1
11053,0,0,1
11054,0,0,8
11059,0,0,1
11061,0,0,1
11062,0,0,8
11063,0,0,4
11065,0,0,5
11068,0,0,3
11069,0,0,5
1107,0,0,2
11071,0,0,2
11074,0,0,2
11075,0,0,4
11077,0,0,5
11080,0,0,2
11081,0,0,1
11083,0,0,1
11084,0,0,36
11086,0,0,1
11087,0,0,51
11089,0,0,7
11092,0,0,3
11098,0,0,2
111,0,5,0
11101,0,0,22
11104,0,0,1
11107,0,0,2
11110,0,0,1
11113,0,0,11
11116,0,0,21
11119,0,0,9
11122,0,0,3
11128,0,0,6
11134,0,0,5
11137,0,0,5
11140,0,0,1
11143,0,0,4
11144,0,0,1
11147,0,0,8
11149,0,0,9
11150,0,0,63
11151,0,0,33
11152,0,0,40
11155,0,0,1
11158,0,0,1
1116,0,0,2
11161,0,0,2
11164,0,0,6
11167,0,0,32
1117,0,0,7
11170,0,0,2
11172,0,0,25
11176,0,0,36
11177,0,0,3
1118,0,0,5
11180,0,0,1
11182,0,0,6
11185,0,0,1
11188,0,0,3
1119,0,0,43
11191,0,0,1
11194,0,0,2
11197,0,0,2
1120,0,0,3
11200,0,0,8
11203,0,0,6
11204,0,0,91
11206,0,0,4
11207,0,0,5
11209,0,0,1
11212,0,0,3
11215,0,0,7
11218,0,0,1
11219,0,0,3
11224,0,0,1
11227,0,0,20
11231,0,0,2
11233,0,0,20
11237,0,0,3
11239,0,0,23
11240,0,0,1
11242,0,0,4
11243,0,0,2
11245,0,0,1
11252,0,0,6
11253,0,0,44
11254,0,0,47
11255,0,0,14
11257,0,0,13
11260,0,0,7
11263,0,0,3
11266,0,0,10
11267,0,0,1
11269,0,0,1
11270,0,0,1
11272,0,0,2
11275,0,0,3
11276,0,0,1
11278,0,0,14
11287,0,0,31
11288,0,0,3
11291,0,0,5
11293,0,0,9
11296,0,0,2
11299,0,0,20
113,0,0,1
11302,0,0,1
11305,0,0,3
11308,0,0,2
11311,0,0,1
11314,0,0,15
11315,0,0,6
11318,0,0,20
11320,0,0,1
11323,0,0,1
11326,0,0,6
11329,0,0,7
11330,0,0,1
11332,0,0,4
11335,0,0,24
11337,0,0,18
11338,0,0,2
11339,0,0,5
11341,0,0,2
11344,0,0,2
11347,0,0,4
11348,0,0,1
11350,0,0,9
11353,0,0,47
11355,0,0,9
11356,0,0,1
11359,0,0,1
11360,0,0,7
11361,0,0,8
11362,0,0,1
11365,0,0,33
11368,0,0,2
11371,0,0,3
11372,0,0,1
11377,0,0,74
11380,0,0,9
11383,0,0,12
11386,0,0,41
11389,0,0,6
11392,0,0,6
11395,0,0,4
11398,0,0,6
11399,0,0,5
114,0,0,23
11401,0,0,1
11404,0,0,24
11407,0,0,2
11410,0,0,18
11413,0,0,2
11416,0,0,1
11419,0,0,5
11422,0,0,5
11428,0,0,32
11431,0,0,7
11434,0,0,1
11437,0,0,18
11440,0,0,47
11443,0,0,2
11446,0,0,1
11447,0,0,48
11449,0,0,1
11452,0,0,3
11453,0,0,9
11455,0,0,1
11460,0,0,1
11461,0,0,8
11464,0,0,4
11465,0,0,6
11467,0,0,4
11470,0,0,13
11471,0,0,14
11473,0,0,1
11476,0,0,3
11479,0,0,1
11482,0,0,14
11485,0,0,5
11486,0,0,3
11488,0,0,3
11491,0,0,14
11494,0,0,1
11497,0,0,6
11499,0,0,2
11500,0,0,4
11503,0,0,19
11506,0,0,11
11509,0,0,13
11512,0,0,2
11516,0,0,3
11518,0,0,21
11521,0,0,1
11522,0,0,1
11524,0,0,1
11525,0,0,2
11527,0,0,15
11530,0,0,8
11533,0,0,3
11536,0,0,3
11539,0,0,5
1154,0,0,3
11545,0,0,10
11548,0,0,4
11549,0,0,4
11551,0,0,2
11554,0,0,2
11557,0,0,15
11560,0,0,13
11563,0,0,4
11566,0,0,2
11569,0,0,6
11575,0,0,1
11576,0,0,1
11581,0,0,1
11582,0,0,3
11587,0,0,1
11590,0,0,1
11593,0,0,2
11605,0,0,1
11608,0,0,5
11609,0,0,3
11611,0,0,32
11614,0,0,1
11617,0,0,3
11620,0,0,1
11623,0,0,12
11626,0,0,45
1163,0,0,1
11630,0,0,1
11635,0,0,17
11638,0,0,2
11641,0,0,9
11642,0,0,2
11644,0,0,2
11647,0,0,20
11650,0,0,2
11653,0,0,25
11654,0,0,10
11656,0,0,1
11659,0,0,4
11660,0,0,3
11662,0,0,13
11665,0,0,3
11671,0,0,2
11674,0,0,4
11677,0,0,5
11686,0,0,8
11689,0,0,1
11692,0,0,3
11696,0,0,45
11698,0,0,5
11699,0,0,1
11701,0,0,4
11704,0,0,3
11708,0,0,4
11710,0,0,14
11713,0,0,8
11716,0,0,4
11722,0,0,11
11725,0,0,1
11728,0,0,2
11731,0,0,2
11732,0,0,22
11735,0,0,2
11743,0,0,2
11744,0,0,3
11746,0,0,1
11752,0,0,2
11764,0,0,14
11767,0,0,4
11770,0,0,9
11776,0,0,7
11778,0,0,5
11779,0,0,2
11782,0,0,2
11791,0,0,6
11792,0,0,1
11794,0,0,6
11800,0,0,31
11803,0,0,1
11806,0,0,1
11809,0,0,38
1181,0,0,1
11810,0,0,7
11812,0,0,13
11815,0,0,3
11818,0,0,6
11819,0,0,1
11821,0,0,3
11824,0,0,3
11825,0,0,1
11827,0,0,8
11830,0,0,6
11836,0,0,13
11839,0,0,14
11842,0,0,1
11848,0,0,1
11851,0,0,8
11852,0,0,5
11854,0,0,32
11857,0,0,2
11860,0,0,10
11861,0,0,1
11863,0,0,2
11864,0,0,46
11866,0,0,2
11869,0,0,2
1187,0,0,38
11872,0,0,8
11875,0,0,8
11878,0,0,10
11881,0,0,8
11882,0,0,1
11884,0,0,17
11885,0,0,1
11887,0,0,25
1189,0,0,22
11890,0,0,4
11893,0,0,49
11899,0,0,6
119,0,0,1
11902,0,0,21
11905,0,0,1
11908,0,0,11
11911,0,0,4
11914,0,0,327
11918,0,0,9
1192,0,0,21
11920,0,0,10
11923,0,0,28
11924,0,0,1
11926,0,0,7
11928,0,0,16
11929,0,0,31
1193,0,0,34
11932,0,0,15
11935,0,0,32
11944,0,0,13
11950,0,0,9
11951,0,0,2
11953,0,0,3
11956,0,0,2
11959,0,0,8
11962,0,0,1
11963,0,0,31
11965,0,0,10
11969,0,0,5
11971,0,0,1
11972,0,0,2
11974,0,0,39
1198,0,0,2
11980,0,0,1
11981,0,0,3
11984,0,0,19
11986,0,0,6
11989,0,0,1
11992,0,0,14
11995,0,0,7
11998,0,0,3
12,0,0,1
120,0,0,1
12000,0,0,2
12001,0,0,1
12004,0,0,8
12007,0,0,35
12011,0,0,12
12012,0,0,1
12014,0,0,2
12016,0,0,1
12017,0,0,5
12019,0,0,2
12026,0,0,8
12028,0,0,4
12030,0,0,4
12031,0,0,3
12033,0,0,7
12034,0,0,10
12040,0,0,6
12046,0,0,1
12049,0,0,1
12052,0,0,1
12055,0,0,2
12058,0,0,1
12061,0,0,2
12063,0,0,6
12064,0,0,2
12067,0,0,2
12068,0,0,2
12070,0,0,10
12071,0,0,10
12073,0,0,8
12074,0,0,1
12076,0,0,3
12079,0,0,3
12082,0,0,7
12084,0,0,4
12088,0,0,11
12091,0,0,13
12094,0,0,1
12097,0,0,4
12098,0,0,5
12100,0,0,5
12103,0,0,3
12106,0,0,5
12109,0,0,3
1211,0,0,6
12112,0,0,3
12115,0,0,3
12119,0,0,1
12121,0,0,11
12123,0,0,5
12127,0,0,42
12130,0,0,11
12131,0,0,21
12133,0,0,2
12134,0,0,6
12135,0,0,2
12136,0,0,6
12141,0,0,11
12142,0,0,3
12144,0,0,1
12151,0,0,2
12153,0,0,2
12154,0,0,4
12160,0,0,2
12161,0,0,15
12162,0,0,1
12164,0,0,3
12166,0,0,3
12167,0,0,2
12171,0,0,2
12172,0,0,50
12173,0,0,7
12174,0,0,2
12175,0,0,3
12177,0,0,3
12178,0,0,1
12179,0,0,4
12182,0,0,1
12184,0,0,7
12187,0,0,1
12188,0,0,4
12189,0,0,12
12190,0,0,11
12191,0,0,1
12192,0,0,61
12193,0,0,2
12196,0,0,6
12202,0,0,1
12206,0,0,3
12208,0,0,1
12215,0,0,7
12216,0,0,18
12217,0,0,2
12223,0,0,5
12224,0,0,17
12231,0,0,7
12234,0,0,13
12235,0,0,17
12236,0,0,18
12237,0,4,5
12238,0,0,5
12239,0,0,5
12245,0,0,6
12246,0,0,1
12248,0,0,6
12249,2,0,0
12250,0,0,19
12279,0,0,6
12280,0,0,22
12281,0,0,2
12284,0,0,5
12285,0,0,14
12286,0,0,1
12290,0,0,2
12295,0,0,6
12297,0,0,7
123,0,0,1
12302,0,0,14
12303,0,0,1
12305,3,0,0
12309,0,0,2
12311,0,0,9
12322,0,0,3
12326,0,0,1
12332,0,0,3
12338,0,0,17
12340,0,0,2
12341,0,0,1
12342,0,0,4
12346,0,0,29
12351,0,0,19
12352,0,0,1
12354,0,0,32
12355,0,0,1
12358,0,0,100
1236,0,0,16
12360,0,0,18
12361,0,0,68
12362,0,0,22
12363,0,0,6
12364,0,0,2
12366,0,0,31
12367,0,0,4
12369,0,0,2
12370,0,0,5
12372,0,0,106
12373,0,0,31
12375,0,0,9
12376,0,0,1
12379,0,0,2
12381,0,0,6
12384,0,0,15
12387,0,0,1
12389,0,0,3
12390,0,0,4
12393,0,0,7
12396,0,0,17
12397,0,0,45
12398,0,0,19
12399,0,0,1
1240,0,0,2
12400,0,0,2
12401,0,0,2
12402,0,0,2
12405,0,0,4
12406,0,0,121
12408,0,0,19
1241,0,0,2
12410,0,0,16
12411,0,0,16
12414,0,0,11
12416,0,0,3
12417,0,0,2
12423,0,0,1
12424,0,0,2
12425,0,0,4
12429,0,0,2
1243,0,0,16
12432,0,0,35
12435,0,0,1
12436,0,0,2
12437,0,0,1
12438,0,0,10
12441,0,0,4
12444,0,0,3
12450,0,0,3
12451,0,0,2
12453,0,0,2
12454,0,0,5
12460,0,0,1
12461,0,0,1
12462,0,0,2
12465,0,0,7
12468,0,0,2
12469,0,0,6
12471,0,0,9
12474,0,0,17
12477,0,0,30
12480,0,0,1
12481,0,0,3
12483,0,0,2
12486,0,0,1
12489,0,0,1
12492,0,0,3
12493,0,0,1
12495,0,0,3
12499,0,0,1
125,0,0,21
12501,0,0,111
12504,0,0,5
12505,0,0,1
12507,0,0,11
12509,0,0,1
12510,0,0,13
12513,0,0,1
12516,0,0,1
12519,0,0,16
12522,0,0,2
12525,0,0,3
12528,0,0,17
12530,0,0,17
12534,0,0,39
12535,0,0,36
12540,0,0,15
12541,0,0,3
12542,0,0,2
12545,0,0,4
12546,0,0,1
12549,0,0,4
12556,0,0,1
12557,0,0,13
12561,0,0,90
12562,0,0,6
12564,0,0,17
12565,0,0,2
12567,0,0,1
12568,0,0,6
12570,0,0,7
12573,0,0,1
12579,0,0,1
12582,0,0,5
12585,0,0,5
12586,0,0,1
12587,0,0,1
12588,0,0,39
12594,0,0,1
12599,0,0,9
12600,0,0,1
12603,0,0,18
12609,0,0,27
12610,0,0,1
12612,0,0,17
12615,0,0,2
12616,0,0,5
12618,0,0,23
12622,0,0,3
12624,0,0,10
12627,0,0,3
12630,0,0,96
12633,0,0,1
12634,0,0,37
12635,0,0,1
12636,0,0,6
12639,0,0,4
12642,0,0,8
12645,0,0,4
12648,0,0,1
12649,0,0,1
12651,0,0,19
12654,0,0,20
12657,0,0,7
12661,0,0,10
12662,0,0,18
12663,0,0,1
12666,0,0,1
12669,0,0,1
12672,0,0,9
12675,0,0,1
12678,0,0,19
12681,0,0,17
12684,0,0,28
12687,0,0,1
12693,0,0,12
12696,0,0,75
12697,0,0,2
12699,0,0,5
127,0,0,10
12705,0,0,1
12708,0,0,1
12709,0,0,22
12711,0,0,5
12712,0,0,9
12714,0,0,11
12715,0,0,35
12717,0,0,25
12720,0,0,13
12723,0,0,4
12727,0,0,49
12729,0,0,3
12732,0,0,36
12735,0,0,1
12738,0,0,12
12741,0,0,54
12744,0,0,2
12745,0,0,2
12747,0,0,10
1275,0,0,3
12750,0,0,1
12753,0,0,20
12756,0,0,15
12757,0,0,3
12759,0,0,6
12762,0,0,2
12768,0,0,10
12771,0,0,56
12774,0,0,7
12775,0,0,2
12777,0,0,10
12780,0,0,6
12781,0,0,4
12783,0,0,2
12786,0,0,4
12789,0,0,8
12792,0,0,25
12793,0,0,6
12795,0,0,9
12798,0,0,1
12801,0,0,3
12804,0,0,9
12807,0,0,1
12810,0,0,53
12811,0,0,5
12813,0,0,2
12814,0,0,3
12816,0,0,1
12819,0,0,1
1282,0,0,17
12820,0,0,8
12822,0,0,4
12825,0,0,3
12828,0,0,1
12831,0,0,6
12834,0,0,3
12837,0,0,1
1284,0,0,4
12840,0,0,4
12841,0,0,1
12842,0,0,26
12843,0,0,5
12846,0,0,4
12849,0,0,6
12850,0,0,11
12853,0,0,20
12855,0,0,5
12858,0,0,12
12861,0,0,2
12864,0,0,15
12865,0,0,2
12867,0,0,12
1287,0,0,1
12870,0,0,7
12873,0,0,8
12874,0,0,2
12876,0,0,2
12879,0,0,45
12880,0,0,5
12882,0,0,81
12883,0,0,6
12885,0,0,2
12888,0,0,7
12892,0,0,45
12894,0,0,1
12897,0,0,1
129,0,0,1
1290,0,0,2
12900,0,0,8
12903,0,0,11
12904,0,0,3
12906,0,0,13
12908,0,0,1
12909,0,0,9
1291,0,0,6
1292,0,0,1
12923,0,0,2
12924,0,0,4
12930,0,0,3
12937,0,0,3
12939,0,0,5
12940,0,0,23
12941,0,0,1
12945,0,0,7
12946,0,0,1
12949,0,0,1
12950,0,0,20
12951,0,0,1
12952,0,0,12
12954,0,0,6
12956,0,0,1
12957,0,0,41
12960,0,0,2
12961,0,0,3
12963,0,0,6
12964,0,0,1
12966,0,0,2
12967,0,0,7
12969,0,0,7
12972,0,0,8
12975,0,0,19
12976,0,0,15
12978,0,0,5
12981,0,0,3
12984,0,0,1
12988,0,0,3
12990,0,0,16
12996,0,0,12
12999,0,0,1
13001,0,0,2
13002,0,0,3
13005,0,0,14
13008,0,0,4
13011,0,0,2
13015,0,0,13
13020,0,0,49
13023,0,0,1
13026,0,0,1
13029,0,0,3
1303,0,0,6
13032,0,0,12
13035,0,0,2
13036,0,0,2
13038,0,0,2
13041,0,0,2
13044,0,0,31
13047,0,0,1
13050,0,0,7
13056,0,0,3
13062,0,0,11
13064,0,0,3
13065,0,0,1
13068,0,0,1
13071,0,0,9
13074,0,0,3
1308,0,0,5
13089,0,0,2
1309,0,0,2
13092,0,0,3
13095,0,0,13
13098,0,0,16
131,0,0,45
1310,0,0,27
13101,0,0,3
13104,0,0,9
13105,0,0,154
13107,0,0,1
13110,0,0,1
13111,0,0,17
13113,0,0,5
13116,0,0,1
13117,0,0,1
13122,0,0,7
13125,0,0,1
1313,0,0,9
13131,0,0,3
13132,0,0,1
13134,0,0,8
13135,0,0,99
13137,0,0,1
13143,0,0,5
13145,0,0,49
13146,0,0,11
13147,0,0,1
13149,0,0,10
13150,0,0,1
13152,0,0,2
13153,0,0,28
13154,0,0,7
13158,0,0,44
13161,0,0,10
13164,0,0,2
13167,0,0,6
13170,0,0,8
13174,0,0,16
13176,0,0,2
13179,0,0,2
13182,0,0,2
13183,0,0,7
13185,0,0,3
13186,0,0,1
13187,0,0,3
13188,0,0,14
1319,0,0,1
13191,0,0,32
13192,0,0,7
13194,0,0,74
13197,0,0,6
13198,0,0,2
13200,0,0,1
13203,0,0,8
13204,0,0,7
13206,0,0,1
13209,0,0,17
13212,0,0,3
13215,0,0,23
13224,0,0,11
13225,0,0,6
13227,0,0,9
13236,0,0,2
13239,0,0,4
13240,0,0,1
13242,0,0,1
13245,0,0,1
13246,0,0,4
13248,0,0,1
13251,0,0,2
13254,0,0,1
13260,0,0,69
13263,0,0,6
13266,0,0,3
13269,0,0,269
13272,0,0,6
13275,0,0,4
13276,0,0,1
13278,0,0,43
13281,0,0,7
13287,0,0,22
13290,0,0,14
13299,0,0,18
133,0,0,1
13308,0,0,13
13311,0,0,1
13315,0,0,2
13317,0,0,5
13320,0,0,6
13326,0,0,12
13327,0,0,17
13329,0,0,14
13338,0,0,2
13340,0,0,1
13347,0,0,2
13349,0,0,1
13350,0,0,29
13351,0,0,2
13353,0,0,34
13356,0,0,20
13359,0,0,31
13365,0,0,4
13368,0,0,53
13371,0,0,6
13374,0,0,14
13376,0,0,1
13380,0,0,2
13383,0,0,2
13386,0,0,8
13388,0,0,2
13389,0,0,1
13392,0,0,12
13395,0,0,29
13398,0,0,3
13401,0,0,59
13404,0,0,3
13407,0,0,4
13413,0,0,2
13416,0,0,4
13419,0,0,11
1342,0,0,1
13422,0,0,12
13428,0,0,1
13429,0,0,2
13430,0,0,1
13431,0,0,20
13434,0,0,116
13437,0,0,27
13438,0,0,6
13443,0,0,12
13444,0,0,1
13446,0,0,1
13449,0,0,22
13453,0,0,1
13455,0,0,4
13458,0,0,9
1346,0,0,3
13461,0,0,6
13464,0,0,4
13466,0,0,1
13467,0,0,1
13468,0,0,7
13470,0,0,15
13474,0,0,2
13476,0,0,4
13477,0,0,14
13479,0,0,1
13482,0,0,4
13485,0,0,11
13488,0,0,139
13494,0,0,10
13497,0,0,1
13500,0,0,41
13502,0,0,3
13503,0,0,1
13506,0,0,11
13512,0,0,6
13515,0,0,4
13516,0,0,1
13517,0,0,1
13518,0,0,1
1352,0,0,1
13521,0,0,1
13527,0,0,1
13528,0,0,4
13530,0,0,5
13532,0,0,1
13535,0,0,2
13536,0,0,2
13539,0,0,7
13542,0,0,16
13543,0,0,1
13545,0,0,2
13547,0,0,1
13552,0,0,1
13557,0,0,6
13563,0,0,27
13565,0,0,1
13566,0,0,3
13567,0,0,3
13569,0,0,4
13575,0,0,2
13576,0,0,4
13578,0,0,25
13581,0,0,29
13583,0,0,3
13584,0,0,1
13590,0,0,86
13594,0,0,3
13596,0,0,3
13599,0,0,2
13602,0,0,54
13606,0,0,1
13608,0,0,8
13614,0,0,2
13615,0,0,7
13617,0,0,6
13620,0,0,46
13623,0,0,8
13627,0,0,1
13629,0,0,4
13632,0,0,5
13635,0,0,20
13637,0,0,5
13638,0,0,7
13641,0,0,14
13650,0,0,24
13651,0,0,41
13653,0,0,3
13654,0,0,6
13656,0,0,21
13657,0,0,1
13658,0,0,6
13659,0,0,2
13661,0,0,4
13662,0,0,2
13665,0,0,18
13666,0,0,2
13674,0,0,19
13675,0,0,4
13676,0,0,2
13677,0,0,5
13680,0,0,7
13681,0,0,56
13683,0,0,2
13686,0,0,2
13689,0,0,2
13692,0,0,7
137,0,0,5
13704,0,0,1
13707,0,0,29
13708,0,0,162
13710,0,0,18
13711,0,0,14
13713,0,0,1
13716,0,0,3
13718,0,0,10
13720,0,0,2
13722,0,0,60
13725,0,0,1
13731,0,0,28
13734,0,0,9
13735,0,0,2
13737,0,0,1
13740,0,0,6
13743,0,0,20
13745,0,0,1
13748,0,0,6
13749,0,0,1
1375,0,0,3
13752,0,0,3
13753,0,0,16
13754,0,0,7
13755,0,0,1
13758,0,0,2
13759,0,0,78
13764,0,0,9
13765,0,0,1
13766,0,0,1
13767,0,0,20
13768,0,0,68
13769,0,0,2
1377,0,0,1
13774,0,0,1
13779,0,0,5
13780,0,0,15
13781,0,0,19
13782,0,0,19
13787,0,0,1
13788,0,0,33
13790,0,0,3
13791,0,0,1
13794,0,0,5
138,0,0,2
13800,0,0,1
13801,0,0,14
13802,0,0,10
13803,0,0,2
13804,0,0,2
13809,0,0,6
13810,0,0,15
13812,0,0,11
13813,0,0,3
13815,0,0,2
13818,0,0,10
13820,0,0,5
13821,0,0,11
13824,0,0,14
13827,0,0,39
13828,0,0,6
1383,0,0,1
13830,0,0,21
13831,0,0,5
13833,0,0,1
13834,0,0,5
13836,0,0,1
13842,0,0,10
13848,0,0,1
13849,0,0,1
13854,0,0,1
13855,0,0,1
13857,0,0,14
13858,0,0,19
1386,0,0,2
13862,0,0,10
13866,0,0,5
13869,0,0,2
13875,0,0,1
13878,0,0,1
13879,0,0,53
13884,0,0,10
13885,0,0,6
13886,0,0,14
13887,0,0,5
13889,0,0,4
13890,0,0,14
13891,0,0,1
13896,0,0,21
13899,0,0,21
139,0,0,2
1390,0,0,2
13902,0,0,1
13905,0,0,2
13908,0,0,2
13909,0,0,1
1391,0,0,20
13911,0,0,9
13914,0,0,2
13917,0,0,2
13919,0,0,5
13920,0,0,3
13924,0,0,2
13926,0,0,48
13927,0,0,14
13928,0,0,99
1393,0,0,29
13930,0,0,6
13933,0,0,24
13934,0,0,37
13935,0,0,1
13941,0,0,1
13942,0,0,51
13943,0,0,8
13945,0,0,4
13947,0,0,3
13948,0,0,2
13953,0,0,25
13954,0,0,6
13956,0,0,8
13957,0,0,1
13958,0,0,4
13959,0,0,3
13962,0,0,4
13965,0,0,5
13966,0,0,44
13967,0,0,28
13968,0,0,6
13971,0,0,1
13973,0,0,1
13975,0,0,2
13977,0,0,1
13980,0,0,19
13981,0,0,1
13983,0,0,9
13984,0,0,1
13985,0,0,1
13986,0,0,1
13988,0,0,4
13989,0,0,9
13992,0,0,1
13993,0,0,4
13995,0,0,9
13999,0,0,12
140,0,0,11
14000,0,0,2
14001,0,0,8
14002,0,0,21
14003,0,0,4
14004,0,0,4
14007,0,0,14
14008,0,0,1
14010,0,0,2
14013,0,0,4
14016,0,0,46
14019,0,0,2
14020,0,0,34
14022,0,0,14
14025,0,0,18
14028,0,0,1
14029,0,0,2
14030,0,0,8
14031,0,0,1
14032,0,0,3
14034,0,0,25
14037,0,0,2
14040,0,0,80
14041,0,0,2
14046,0,0,2
14047,0,0,19
14048,0,0,1
14049,0,0,51
14052,0,0,1
14053,0,0,102
14055,0,0,3
14058,0,0,5
14059,0,0,2
1406,0,0,8
14060,0,0,2
14063,0,0,43
14064,0,0,4
14065,0,0,2
14066,0,0,1
14067,0,0,2
14070,0,0,14
14071,0,0,10
14073,0,0,2
14082,0,0,7
14088,0,0,8
14091,0,0,3
14092,0,0,2
14094,0,0,14
14097,0,0,41
14100,0,0,35
14103,0,0,1
14106,0,0,8
14109,0,0,2
14110,0,0,90
14112,0,0,2
14115,0,0,1
14118,0,0,5
14121,0,0,3
14122,0,0,11
14124,0,0,18
14125,0,0,5
14127,0,0,4
14128,0,0,18
14129,0,0,6
1413,0,0,14
14130,0,0,1
14131,0,0,4
14133,0,0,76
14139,0,0,4
14142,0,0,5
14145,1,0,0
14148,0,0,63
1415,0,0,10
14152,0,0,4
14153,0,0,3
14155,0,0,36
14158,0,0,6
14161,0,0,3
14162,0,0,17
14163,0,0,9
14170,0,0,3
14173,0,0,1
14176,0,0,1
14178,0,0,40
14179,0,0,4
14180,0,0,116
14181,0,0,2
14182,0,0,26
14185,0,0,2
14187,0,0,2
14188,0,0,1
14189,0,0,1
14193,0,0,3
14197,0,0,3
14198,0,0,20
142,0,0,5
1420,0,0,31
14200,0,0,11
14203,0,0,24
14206,0,0,7
14207,0,0,13
14208,0,0,3
14209,0,0,8
14211,0,0,10
14212,0,0,12
14213,0,0,2
14214,0,0,1
14215,0,0,13
14218,0,0,21
1422,0,0,1
14220,0,0,3
14221,0,0,34
14224,0,0,6
14225,0,0,15
14226,0,0,22
14230,0,0,18
14231,0,0,1
14233,0,0,21
14239,0,0,38
14242,0,0,4
14245,0,0,5
14248,0,0,1
14249,0,0,7
14251,0,0,4
14256,0,0,42
14257,0,0,6
14258,0,0,25
14259,0,0,24
14260,0,0,8
14263,0,0,13
14269,0,0,2
14272,0,0,1
14274,0,0,6
14275,0,0,1
14276,0,0,3
14278,0,0,13
14279,0,0,1
1428,0,0,2
14280,0,0,11
14281,0,0,3
14282,0,0,2
14284,0,0,2
14287,0,0,11
14290,0,0,2
14296,0,0,1
14299,0,0,15
143,0,0,170
14302,0,0,31
14305,0,0,89
14307,0,0,1
14308,0,0,30
14311,0,0,74
14313,0,0,3
14314,0,0,24
14315,0,0,3
14316,0,0,2
14317,0,0,3
14318,0,0,2
14319,0,0,40
14322,0,0,15
14323,0,0,49
14325,0,0,36
14326,0,0,17
14329,0,0,2
14334,0,0,15
14335,0,0,7
14336,0,0,1
14337,0,0,3
14338,0,0,1
14339,0,0,2
14341,0,0,2
14344,0,0,6
14350,0,0,1
14351,0,0,1
14353,0,0,7
14356,0,0,6
14357,0,0,1
14359,0,0,7
14362,0,0,1
14364,0,0,35
14365,0,0,1
14368,0,0,6
14370,0,0,8
14371,0,0,7
14372,0,0,1
14374,0,0,16
14377,0,0,2
1438,0,0,6
14380,0,0,2
14383,0,0,5
14384,0,0,60
14385,0,0,1
14386,0,0,14
14388,0,0,47
14389,0,0,2
14392,0,0,27
14395,0,0,2
144,0,0,2
14401,0,0,1
14403,0,0,1
14405,0,0,2
14406,0,0,1
14407,0,0,1
14410,0,0,39
14417,0,0,5
14418,0,0,2
14419,0,0,25
1442,0,0,8
14420,0,0,1
14422,0,0,4
14425,0,0,1
14428,0,0,1
14431,0,0,5
14434,0,0,2
14440,0,0,1
14443,0,0,4
14446,0,0,1
14449,0,0,1
14451,0,0,1
14452,0,0,8
14455,0,0,6
14458,0,0,1
14461,0,0,9
14463,0,0,2
14464,0,0,3
14467,0,0,5
14470,0,0,73
14476,0,0,11
14479,0,0,2
14482,0,0,6
14484,0,0,12
14485,0,0,10
14488,0,0,10
14491,0,0,6
14494,0,0,37
14496,0,0,1
14501,0,0,3
14502,0,0,32
14503,0,0,1
14505,0,0,2
14509,0,0,6
14511,0,0,2
14512,0,0,4
14514,0,0,1
14515,0,0,2
14517,0,0,1
14518,0,0,31
1452,0,0,7
14521,0,0,2
14524,0,0,2
14527,0,0,6
14529,0,0,1
1453,0,0,1
14530,0,0,24
14533,0,0,1
14539,0,0,2
14542,0,0,1
14544,0,0,13
14545,0,0,3
14550,0,0,4
14551,0,0,2
14552,0,0,11
14553,0,0,9
14554,0,0,16
14557,0,0,2
14560,0,0,237
14562,0,0,4
14563,0,0,1
14564,0,0,16
14566,0,0,12
14569,0,0,100
14572,0,0,3
14573,0,0,1
14575,0,0,1
14577,0,0,14
14578,0,0,2
14580,0,0,3
14581,0,0,20
14584,0,0,1
14587,0,0,94
14590,0,0,9
14593,0,0,2
14596,0,0,11
14598,0,0,1
14599,0,0,2
146,0,0,1086
14602,0,0,2
14605,0,0,21
14608,0,0,1
14617,0,0,39
1462,0,0,46
14620,0,0,7
14623,0,0,4
14626,0,0,1
14629,0,0,5
14632,0,0,11
14634,0,0,4
14643,0,0,4
1465,0,0,1
14650,0,0,19
14652,0,0,1
14659,0,0,18
14662,0,0,4
14664,0,0,5
14668,0,0,49
14669,0,0,17
14674,0,0,3
14675,0,0,1
14683,0,0,26
14684,0,0,3
14687,0,0,30
14688,0,0,3
14690,0,0,2
14691,0,0,8
14692,0,0,16
14693,5,0,59
14696,0,0,57
14701,0,0,1
14702,0,0,2
14706,0,0,3
14726,0,0,3
14727,0,0,1
1473,0,0,2
14743,0,0,4
14745,0,0,5
14750,0,0,20
14751,0,0,14
14753,0,0,1
14755,0,0,36
14756,0,0,7
14757,0,0,6
14761,0,0,3
14764,0,0,1
14767,0,0,20
14769,0,0,40
14770,0,0,11
14773,0,0,2
14776,0,0,1
14783,0,0,16
14788,0,0,12
14790,0,0,11
14791,0,0,2
14793,0,0,9
14794,0,0,1
14798,0,0,37
14800,0,0,1
14803,0,0,3
14812,0,0,3
14818,0,0,9
14819,0,0,1
14821,0,0,15
14825,0,0,2
14830,0,0,2
14831,0,0,45
14832,0,0,12
14836,0,0,2
14839,0,0,24
14841,0,0,2
14842,0,0,1
14845,0,0,1
14848,0,0,1
14851,0,0,2
14854,0,0,4
14857,0,0,15
14858,0,0,3
14860,0,0,10
14861,0,0,62
14863,0,0,2
14866,0,0,4
14869,0,0,28
14870,0,0,8
14871,0,0,2
14872,0,0,5
14873,0,0,1
14875,0,0,25
14882,0,0,1
14883,0,0,36
14884,0,0,5
14890,0,0,6
14893,0,0,10
14894,0,0,10
14896,0,0,19
14899,0,0,10
14902,0,0,4
14903,0,0,7
14905,0,0,55
14908,0,0,1
14911,0,0,7
14912,0,0,2
14914,0,0,7
14917,0,0,2
14924,0,0,5
14926,0,0,1
14927,0,0,9
14929,0,0,2
14932,0,0,1
14935,0,0,1
1494,0,0,6
14941,0,0,1
14944,0,0,1
14945,0,0,4
14947,0,0,1
14952,0,0,1
14953,0,0,3
14954,0,0,5
14956,0,0,17
14959,0,0,2
14962,0,0,4
14965,0,0,5
14966,0,0,1
14968,0,0,33
14969,0,0,3
14971,0,0,9
14977,0,0,4
14978,0,0,9
14979,0,0,5
14980,0,0,8
14983,0,0,2
14988,0,0,6
14989,0,0,2
14990,0,0,1
14992,0,0,14
14995,0,0,1
150,0,94,565
15001,0,0,22
15003,0,0,1
15004,0,0,1
15010,0,0,9
15014,0,0,2
15016,0,0,4
15019,0,0,6
15024,0,0,4
15025,0,0,1
15028,0,0,1
1503,0,0,40
15031,0,0,3
15032,0,0,3
15034,0,0,13
15037,0,0,4
15038,0,0,10
15040,0,0,1
15043,0,0,61
15047,0,0,25
15049,0,0,2
15050,0,0,4
15052,0,0,4
15055,0,0,8
15058,0,0,5
15061,0,0,20
15064,0,0,5
15066,0,0,9
15067,0,0,11
1507,0,0,2
15070,0,0,5
15071,0,0,9
15072,0,0,2
15073,0,0,3
15074,0,0,3
15075,0,0,3
15076,0,0,5
15077,0,0,43
15078,0,0,6
15079,0,0,4
15080,0,0,8
15082,0,0,1
15085,0,0,5
15087,0,0,1
15088,0,0,1
15090,0,0,20
15091,0,0,3
15094,0,0,38
15096,0,0,1
15097,0,0,11
15098,0,0,3
15099,0,0,6
151,0,94,266
15103,0,0,2
15104,0,0,3
15106,0,0,65
15108,0,0,1
15109,0,0,36
15110,0,0,36
15112,0,0,3
15113,0,0,9
15115,0,0,20
15118,0,0,7
15119,0,0,53
15121,0,0,5
15122,0,0,2
15130,0,0,29
15132,0,0,4
15133,0,0,2
15136,0,0,1
15139,0,0,12
15140,0,0,1
15142,0,0,43
15145,0,0,3
15148,0,0,52
15151,0,0,21
15152,0,0,6
15153,0,0,1
15154,0,0,6
15157,0,0,2
15159,0,0,1
1516,11,0,0
15160,0,0,5
15163,0,0,1
15164,0,0,3
15166,0,0,3
15169,0,0,2
15172,0,0,104
15174,0,0,3
15175,0,0,45
15181,0,0,2
15184,0,0,9
15191,0,0,18
15194,0,0,4
15196,0,0,4
15199,0,0,5
152,94,0,1577
1520,0,0,16
15200,0,0,1
15202,0,0,2
15203,0,0,22
15204,0,0,12
15208,0,0,1
15209,0,0,9
1521,0,0,1
15211,0,0,4
15212,0,0,3
15213,0,0,3
15214,0,0,3
15217,0,0,36
15218,0,0,32
15220,0,0,24
15221,0,0,6
15222,0,0,1
15224,0,0,1
15226,0,0,23
15227,0,0,3
15229,0,0,49
15232,0,0,8
15235,0,0,57
15236,0,0,95
15237,0,0,3
15238,0,0,2
15241,0,0,5
15244,0,0,104
15245,0,0,2
15247,0,0,6
15248,0,0,1
15254,0,0,1
15257,0,0,5
15258,0,0,8
15259,0,0,3
15261,0,0,15
15262,0,0,41
15263,0,0,18
15266,0,0,2
15268,0,0,2
15271,0,0,5
15272,0,0,6
15273,0,0,2
15274,0,0,7
15283,0,0,13
15286,0,0,11
15287,0,0,19
15289,0,0,24
15292,0,0,1
15295,0,0,3
15297,0,0,3
15298,0,0,1
15299,0,0,21
153,0,0,114
1530,0,0,8
15300,0,0,6
15301,0,0,95
15304,0,0,2
15307,0,0,1
15308,0,0,1
15310,0,0,10
15311,0,0,2
15313,0,0,19
15314,0,0,97
15315,0,0,39
15316,0,0,2
15317,0,0,25
15322,0,0,3
15323,0,0,42
15324,0,0,9
15327,0,0,2
15328,0,0,4
15334,0,0,4
15337,0,0,4
15340,0,0,11
15343,0,0,11
15344,0,0,31
15346,0,0,75
1535,0,0,1
15353,0,0,1
15355,0,0,30
15358,0,0,1
15363,0,0,9
15364,0,0,12
1537,0,0,1
15370,0,0,4
15371,0,0,9
15376,0,0,5
15379,0,0,7
15380,0,0,6
15381,0,0,6
15383,0,0,8
15386,0,0,5
15388,0,0,18
15391,0,0,8
15394,0,0,8
15395,0,0,8
15397,0,0,9
15398,0,0,12
154,0,0,2
15400,0,0,26
15401,0,0,4
15402,0,0,3
15403,0,0,2
15404,0,0,2
15409,0,0,5
1541,0,0,5
15412,0,0,65
1542,0,0,1
15422,0,0,4
15423,0,0,2
15427,0,0,5
15430,0,0,2
15431,0,0,3
15433,0,0,1
15434,0,0,1
15436,0,0,8
15439,0,0,6
15440,0,0,51
15442,0,0,6
15443,0,0,1
15445,0,0,1
15448,0,0,7
15449,0,0,5
15451,0,0,4
15452,0,0,1
15454,0,0,8
15455,0,0,3
15457,0,0,3
15458,0,0,45
15459,0,0,2
1546,2,0,1
15460,0,0,1
15461,0,0,4
15463,0,0,2
15465,0,0,1
15466,0,0,37
15467,0,0,3
15468,0,0,8
15469,0,0,3
15470,0,0,5
15473,0,0,2
15475,0,0,9
15478,0,0,2
15479,0,0,49
15481,0,0,26
15482,0,0,10
15483,0,0,23
15484,0,0,6
15490,0,0,3
15491,0,0,1
15493,0,0,7
15494,0,0,2
15496,0,0,15
15497,0,0,43
15498,0,0,3
15499,0,0,4
155,0,0,1
15502,0,0,4
15503,0,0,4
15505,0,0,6
15506,0,0,2
15508,0,0,10
15511,0,0,44
15512,0,0,2
15513,0,0,2
15514,0,0,21
15515,0,0,3
15516,0,0,9
15517,0,0,3
15518,0,0,1
15519,0,0,22
15520,0,0,7
15521,0,0,1
15525,0,0,1
15526,0,0,1
15529,0,0,18
15530,0,0,26
15532,0,0,3
15533,0,0,1
15534,0,0,3
15535,0,0,60
15538,0,0,1
15541,0,0,5
15542,0,0,1
15544,0,0,2
15547,0,0,6
15548,0,0,1
1555,0,0,41
15550,0,0,2
15553,0,0,22
15556,0,0,4
15559,0,0,4
15562,0,0,25
15565,0,0,16
15574,0,0,16
15575,0,0,1
15580,0,0,7
15581,0,0,2
15583,0,0,2
15586,0,0,25
15589,0,0,2
15595,0,0,8
15596,0,0,43
15598,0,0,2
156,0,0,30
15601,0,0,15
15603,0,0,5
15604,0,0,21
15607,0,0,24
15608,0,0,6
15610,0,0,2
15613,0,0,23
15616,0,0,13
15617,0,0,7
15618,0,0,2
15619,0,0,9
15622,0,0,5
15623,0,0,2
15625,0,0,3
15626,0,0,2
15629,0,0,8
15630,0,0,5
15631,0,0,2
15632,0,0,4
15634,0,0,2
15637,0,0,5
15638,0,0,2
15639,0,0,4
15640,0,0,3
15641,0,0,2
15643,0,0,11
15644,0,0,3
15646,0,0,1
15649,0,0,9
15650,0,0,3
15655,0,0,9
15656,0,0,11
15657,0,0,4
15658,0,0,38
15661,0,0,9
15662,0,0,6
15663,0,0,5
15664,0,0,1
15667,0,0,1
15670,0,0,78
15671,0,0,17
15672,0,0,41
15673,0,0,5
15676,0,0,1
15679,0,0,12
15682,0,0,4
15684,0,0,2
15685,0,0,2
15688,0,0,52
15691,0,0,2
15692,0,0,4
15693,0,0,4
15697,0,0,11
15700,0,0,1
15703,0,0,39
15704,0,0,2
15706,0,0,3
15709,0,0,2
15712,0,0,17
15713,0,0,1
15714,0,0,19
15715,0,0,3
15718,0,0,10
15721,0,0,26
15724,0,0,5
15725,0,0,2
15727,0,0,9
15730,0,0,4
15731,0,0,15
15732,0,0,2
15733,0,0,5
15734,0,0,97
15737,0,0,19
15739,0,0,1
15743,0,0,1
15745,0,0,8
15746,0,0,10
15747,0,0,28
15748,0,0,7
15749,0,0,4
15754,0,0,7
15758,0,0,127
15759,0,0,1
15760,0,0,3
15763,0,0,1
15765,0,0,3
15766,0,0,24
15767,0,0,3
15769,0,0,22
15772,0,0,2
15773,0,0,42
15774,0,0,7
15775,0,0,1
15776,0,0,1
15777,0,0,44
15778,0,0,1
15779,0,0,6
15781,0,0,3
15784,0,0,101
15785,0,0,1
15787,0,0,49
15789,0,0,2
15790,0,0,4
15791,0,0,4
15792,0,0,5
15793,0,0,5
15796,0,0,2
15799,0,0,14
15802,0,0,2
15803,0,0,19
15804,0,0,4
15805,0,0,9
15806,0,0,13
15808,0,0,5
15811,0,0,5
15812,0,0,8
15813,0,0,4
15814,0,0,9
15815,0,0,5
15817,0,0,8
15820,0,0,2
15823,0,0,3
15825,0,0,2
15829,0,0,2
15832,0,0,4
15833,0,0,3
15835,0,0,1
15836,0,0,12
15837,0,0,1
15838,0,0,1
15839,0,0,2
15841,0,0,3
15844,0,0,4
15847,0,0,7
15848,0,0,5
15849,0,0,7
1585,0,0,2
15850,0,0,9
15851,0,0,25
15852,0,0,5
15853,0,0,7
15854,0,0,10
15856,0,0,4
15857,0,0,14
15860,0,0,4
15862,0,0,17
15865,0,0,3
15867,0,0,1
15868,0,0,1
15874,0,0,1
15877,0,0,10
15880,0,0,3
15883,0,0,66
15884,0,0,158
15885,0,0,42
15886,0,0,5
15889,0,0,9
15891,0,0,14
15892,0,0,11
15893,0,0,5
15894,0,0,12
15895,0,0,1
15896,0,0,2
159,0,0,90
15900,0,0,17
15901,0,1,4
15902,0,0,10
15903,0,0,8
15904,0,0,1
15905,0,0,18
15907,0,0,11
15908,0,0,6
15909,0,0,4
15910,0,0,25
15911,0,0,12
15912,0,0,1
15913,0,0,5
15914,0,0,1
15916,0,0,9
15922,0,0,1
15924,0,0,210
15926,0,0,8
15927,0,0,27
15928,0,0,25
15929,0,0,8
15930,0,0,135
15931,0,0,3
15932,0,0,17
15934,1,1,2
15935,0,0,2
15936,0,0,4
15937,1,0,24
15938,0,0,3
15939,5,0,3
15940,0,247,23
15941,0,5,7
15942,4,0,17
15943,0,0,28
15944,0,0,5
15945,0,0,6
15947,0,0,1
15948,0,0,6
15949,0,0,6
15950,0,0,4
15951,0,0,15
15954,0,0,26
15961,0,0,1
15965,0,0,4
15968,0,0,51
15969,0,0,3
1597,0,0,2
15970,0,0,10
15972,0,0,2
15973,0,0,11
15977,0,0,4
15978,0,0,1
1598,0,0,38
15984,0,0,20
15992,0,0,6
15994,0,0,4
15997,0,0,2
16,0,0,44
16000,0,0,39
16017,0,0,35
16037,0,0,54
16038,0,0,16
16041,0,0,3
16042,0,0,22
16047,0,0,1
16048,0,0,19
16051,0,0,264
16053,0,0,1
16058,0,0,1
16063,0,0,2
16066,0,0,19
16067,0,0,15
16068,0,0,2
16069,0,0,4
1607,0,0,5
16070,0,0,2
16071,0,0,8
16072,0,0,2
16073,0,0,1
16074,0,0,2
16075,0,0,47
16076,0,0,2
16077,0,1,0
16078,0,0,3
16079,0,0,6
16080,0,0,3
16082,0,0,7
16083,0,0,4
16084,0,0,2
16086,0,0,339
16090,0,0,4
16091,0,0,4
16092,0,0,293
16093,0,0,1397
16094,0,0,19
16095,0,0,38
161,0,0,2
16102,0,0,11
16103,0,0,4
16104,0,0,54
16108,0,0,25
16109,0,0,7
16111,0,0,197
16113,0,1,0
16114,0,1,24
16115,0,1,0
16116,0,1,0
16117,0,1,6
16118,0,1,0
16119,0,1,1
16120,0,1,0
16121,0,1,0
16122,0,1,1
16123,0,1,0
16124,0,1,106
16125,0,1,9
16126,0,1,194
16127,0,1,3
16128,0,1,0
16129,0,1,887
16130,0,1,0
16131,0,1,14
16132,0,0,5
16134,0,0,16
16136,0,0,96
16137,0,0,5
16138,0,0,2
16139,0,0,1
16140,0,0,89
16141,0,0,2
16142,0,0,2
16144,0,0,5
16145,0,0,157
16146,0,0,9
16147,0,0,30
16148,0,0,130
16150,0,0,115
16152,0,0,2
16153,0,0,81
16154,0,0,38
16155,0,0,3
16156,0,0,7
16157,0,0,21
16158,0,0,32
16160,0,0,5
16161,3,0,2
16162,0,22,41
16163,0,0,7
16164,0,0,50
16165,0,0,2
16166,1,0,34
16167,0,0,57
16168,0,0,28
16169,0,0,57
16170,0,0,17
16171,0,0,62
16172,0,0,554
16173,0,0,88
16174,0,0,57
16175,0,0,28
16176,0,0,93
16177,0,0,11
16178,0,6,26
16179,1,4,73
16180,0,383,24
16181,1,196,13
16182,106,40,241
16183,217,23,2778
16184,3,36,56
16185,0,8,75
16186,60,0,63
16187,1,1,50
16188,3,3,80
16189,168,67,485
1619,0,0,1
16190,2,1,1
16191,0,1,0
16192,18,1,312
16193,0,0,32
16194,0,3,21
16195,3,0,31
16196,0,0,11
16201,0,0,43
16203,0,0,5
16204,0,0,1
16207,0,0,21
16209,0,0,267
16210,0,0,6
16211,0,0,3
16212,0,0,18
16213,0,0,103
16214,0,0,134
16215,0,0,35
16216,0,0,13
16217,0,0,633
16218,1,0,90
16219,0,0,27
16220,2,0,44
16221,0,2,59
16222,0,0,34
16223,0,0,64
16224,0,0,66
16225,4,0,1
16227,0,0,31
16229,0,0,1
16230,0,0,42
16231,0,0,20
16232,0,0,47
16233,0,0,24
16234,0,0,300
16235,0,0,51
16239,0,0,87
16240,0,0,95
16241,0,0,25
16242,0,0,72
16243,0,0,91
16244,0,0,23
16245,0,0,29
16246,0,0,1
16247,0,0,7
16248,0,0,141
16249,0,0,230
1625,0,0,8
16250,0,1,17
16253,0,0,1
16254,0,0,30
16255,0,0,63
16256,0,4,179
16257,0,1,32
16258,9,2,31
16259,0,0,51
16260,1,0,209
16261,1,0,704
16262,0,0,14
16263,0,0,56
16264,1,0,54
16265,0,0,125
16266,0,0,299
16267,0,0,12
16268,0,0,1
16269,0,0,48
16270,0,0,90
16271,0,0,98
16272,0,0,9
16273,0,0,1
16274,0,0,306
16278,0,0,256
16280,0,0,4
16282,1,0,0
16283,0,0,7
16284,0,0,64
16286,0,0,57
16287,7,0,124
16288,0,0,66
16289,0,0,64
16290,0,0,49
16291,0,0,175
16292,0,7,114
16293,0,13,306
16294,2,3,169
16295,0,0,89
16296,0,0,13
16297,0,6,43
16298,0,2,118
16299,2,0,96
16300,0,0,78
16301,0,0,48
16302,0,0,15
16303,0,0,3
16304,0,0,181
16305,0,0,25
16309,0,0,175
16310,0,0,15
16311,0,0,1436
16312,0,0,8
16315,0,0,1
16316,0,0,140
16317,0,0,24
16318,0,0,78
16319,0,0,323
16320,0,0,125
16321,0,0,1
16322,0,0,1
16323,0,0,2
16324,0,0,33
16325,0,0,150
16326,0,0,11
16327,0,0,67
16328,0,0,2
16329,0,0,5
1633,0,0,2
16335,0,0,122
16336,0,0,2
16337,0,0,1
16338,0,0,3
16342,0,0,32
16343,0,0,78
16344,0,0,50
16346,0,0,3
16348,0,0,6
16349,0,0,4
16350,0,0,1
16351,0,0,1
16352,0,0,31
16353,0,0,6
16354,0,0,90
16355,0,0,201
16356,0,0,113
16357,0,0,140
16359,0,0,25
1636,0,0,3
16360,0,0,54
16361,0,0,8
16362,0,0,323
16365,0,0,25
16366,0,0,4
16368,0,0,44
16371,0,0,2
16372,0,0,3
16374,0,0,3
16378,0,0,1
16380,0,0,50
16381,0,0,16
16384,0,0,1
16385,0,0,2
16390,0,0,249
16391,0,0,26
16393,0,0,1
16394,0,0,2
16398,0,0,16
16399,0,0,192
1640,0,0,5
16400,0,0,53
16409,0,0,1
16422,0,0,17
16428,0,0,3
16434,0,0,1
16437,0,0,4
16438,0,0,16
16441,0,0,2
16443,0,0,5
16445,0,0,20
16448,0,0,3
16449,0,0,1
16450,0,0,1
16451,0,0,1
16452,0,0,3
16455,0,0,1
16456,0,0,4
16457,0,0,2
1646,0,0,3
16463,0,0,27
16465,0,0,23
16466,0,0,3
16468,0,0,63
1647,0,0,1
16470,0,0,3
16471,0,0,5
16472,0,0,1
16473,0,0,135
16474,0,0,4
16476,0,0,23
16477,0,0,3
16482,0,0,9
16483,0,0,9
16485,0,0,6
16486,0,0,8
16487,0,0,4
16488,0,0,3
16489,0,0,8
16496,0,0,6
16497,0,0,95
16499,0,0,1
165,0,0,5
16500,0,0,1
16501,0,0,1
16502,0,0,2
16503,0,0,1
16504,0,0,1
16505,0,0,5
16509,0,0,1
16511,0,0,1
16512,0,0,5
16518,0,0,1
16519,0,0,12020
16523,0,0,3
16524,0,0,5
16525,0,0,18
16526,0,0,179
16527,0,0,136
16529,0,0,1
16535,0,0,2
1654,0,0,2
16540,0,0,1
16541,0,0,1
16544,0,0,2
16548,0,0,1
1655,0,12,0
16551,0,0,1
16555,0,0,2
16557,0,0,1
1656,0,0,5
1657,0,0,1
1658,0,0,3
1662,0,0,2
1664,0,0,15
1673,0,0,3
1676,0,0,21
1686,0,0,2
1692,0,0,38
1694,0,0,30
1700,0,0,17
1703,0,0,1
1706,0,0,1
1709,0,0,89
1711,0,0,19
1712,0,0,1
1713,0,0,2
1715,0,0,6
1717,0,0,18
1718,10,0,0
1719,0,0,186
173,1,0,2
1733,0,0,2
1734,0,0,3
1735,0,0,1
1736,0,0,4
1738,0,0,11
1746,0,0,3
1760,0,0,11
1762,0,0,11
1763,0,0,5
1764,0,0,1
1765,0,0,4
1766,0,0,14
1772,0,0,2
178,0,0,2
1780,0,0,6
179,0,0,5
1799,0,0,6
180,0,0,1
1804,0,0,1
1806,0,0,26
1807,0,0,1
1808,3,0,1
1809,0,0,29
1810,0,0,3
1811,0,0,20
1812,0,0,2
1813,0,0,1
1819,0,0,49
182,0,0,83
1821,0,0,2
1822,0,0,21
1824,0,0,4
183,0,0,87
1832,0,0,3
1835,0,0,1
1836,0,0,5
1837,0,0,1
184,0,0,66
1841,0,0,1
1842,0,0,27
1849,0,0,7
185,0,0,218
1850,0,0,2
186,0,0,8
1860,0,0,2
1861,0,0,1
1864,0,0,3
1872,0,0,1
1878,0,0,1
188,0,0,44
1881,0,0,5
1888,0,0,62
189,0,0,220
1891,0,0,1
1892,0,0,7
1895,0,0,2
1896,0,0,8
190,32,0,0
1900,0,0,6
1901,0,0,2
1909,0,0,1
1914,0,0,1
1926,0,0,3
1927,0,0,2
193,0,0,6
1935,0,0,2
194,3,9,103
1943,0,0,11
195,0,2,1077
1957,0,0,5
1959,0,0,2
196,2,0,20
1961,0,0,1
197,0,0,5
1977,0,0,1
1978,0,0,50
198,0,0,56
199,0,0,212
200,0,0,252
2000,0,0,1
2005,0,0,1
201,0,0,1
2010,0,0,20
202,0,0,9
2028,0,0,1
203,0,0,56
2030,0,0,1
204,0,0,544
2044,0,0,1
2045,0,0,1
205,0,0,18
2056,0,0,33
2058,0,0,1
2059,0,0,10
206,0,0,3
2060,0,0,3
2064,0,0,4
2065,0,0,12
2069,0,0,7
207,0,0,556
2070,0,0,9
2071,0,0,3
208,0,0,9
2080,0,0,5
2083,0,0,10
2086,0,0,1
209,0,0,3
2095,0,0,1
210,0,0,69
2102,0,0,1
2105,0,0,1
2109,0,0,2
211,0,0,10
212,0,0,8
2120,0,0,12
2124,0,0,1
214,0,0,176
2140,0,0,8
215,0,0,64
2150,39,0,0
2158,0,0,23
2162,0,0,5
2163,0,0,2
2164,0,0,1
217,0,0,37
2172,0,0,4
2176,0,0,2
2189,0,0,2
2218,0,0,1
222,0,0,7
2220,0,0,6
2222,0,0,6
2223,0,0,4
2226,347,0,28
2234,0,0,8
2239,0,0,2
2242,0,0,6
2244,0,0,4
2245,0,0,4
2246,0,0,20
2248,0,0,6
225,0,0,24
2251,0,0,1
226,0,0,11
2260,0,0,1
2263,0,0,6
2264,0,0,1
227,0,0,7
2272,0,0,4
228,0,0,100
2280,0,0,15
2281,0,0,4
2282,0,0,2
2283,0,0,5
2285,0,0,6
2301,0,0,2
2304,0,0,1
2308,0,0,26
2315,0,0,1
2320,0,0,5
2322,0,0,2
233,4,0,0
2330,0,0,2
2338,0,0,1
234,0,0,111
235,0,0,78
2351,0,0,3
2352,0,0,29
2353,0,1,0
2355,0,0,1
2356,0,0,9
2359,0,0,1
236,0,0,23
2360,0,0,1
2361,0,0,28
2363,0,0,54
2366,0,0,1
237,0,0,41
2370,0,0,1
2378,0,0,3
2379,0,0,4
238,0,0,10
2380,0,0,11
2386,0,0,4
2387,0,0,16
2388,0,0,6
2389,0,0,11
239,0,0,24
2392,0,0,33
2393,0,0,2
2396,0,0,3
2397,0,0,1
2398,0,0,1
2399,0,0,10
240,0,0,6
2401,0,0,1
2404,0,0,50
2405,0,0,3
2407,0,0,1
241,0,0,1
2412,0,0,1
2414,0,0,7
2415,0,0,1
2416,0,0,26
242,0,0,2
243,0,0,7
2438,0,0,5
244,0,0,2
2442,0,0,17
2445,0,0,6
245,0,0,10
246,0,0,23
247,0,7,10
248,0,5063,0
2483,0,0,25
2484,1,0,1
2486,0,0,7
249,0,0,8
250,0,7,1
251,0,0,40
252,0,0,28
2523,0,0,7
2528,0,0,1
255,0,0,1
2556,0,0,1
2557,0,0,1
2558,0,0,2
256,0,0,1
2563,0,0,7
257,0,0,18
258,0,0,2
2581,0,0,28
2589,0,0,5
259,0,0,4
26,0,0,1
260,0,0,3
2607,0,0,1
261,0,0,4
2614,0,0,1
2619,0,0,5
262,0,0,8
2625,0,0,1
2626,0,0,32
264,0,0,12
2649,0,0,3
265,0,0,1
266,0,0,13
2667,0,0,2
2668,0,0,1
267,0,0,11
2672,0,0,3
268,0,0,5
269,0,0,2
27,0,0,1
270,0,0,4
2702,0,0,4
2704,0,0,1
2707,0,0,11
2708,0,0,6
2709,0,0,1
271,0,0,15
2710,0,0,1
272,0,0,22
2746,0,0,13
275,0,0,5
2755,0,0,26
2756,0,0,6
2757,0,0,39
2759,0,0,7
276,0,0,1
2760,0,0,2
2761,0,0,2
2762,0,0,1
2763,0,0,5
2764,0,0,1
2766,0,0,3
2768,0,0,5
277,0,0,1
2772,0,0,28
2775,0,0,5
2778,0,0,1
2779,0,0,1
2780,0,0,3
2785,0,0,2
2786,0,0,3
2789,0,0,1
279,0,0,64
2792,0,0,6
280,0,0,4
281,0,0,4
2818,0,0,12
282,0,0,5
283,0,0,1
2831,0,0,81
2833,0,0,58
2834,0,0,9
2835,0,0,2
2836,0,0,4
2846,0,0,1
2848,0,0,1
2849,0,0,3
285,16,1,1
2851,0,0,3
2857,0,0,11
2858,0,0,2
286,0,20,0
2863,0,0,14
287,0,8,0
2875,0,0,3
2879,0,0,4
2880,0,0,4
2882,0,0,1
2883,0,0,1
2884,0,0,3
2885,0,0,33
2887,0,0,21
2889,0,0,11
29,0,0,2
290,7,0,3
2905,0,0,6
2906,5,0,1
291,0,0,1
2911,0,0,4
292,0,0,18
293,0,0,7
294,0,0,49
2945,0,0,1
295,0,2,16
2953,0,0,1
296,0,0,1
2964,0,0,1
2967,0,0,9
297,0,0,16
2971,0,0,1
298,0,1,2
299,0,1,0
30,0,0,1
300,0,1,0
301,0,1,0
3010,0,0,126
302,8521,1,0
3027,0,0,15
303,0,5,0
304,0,2,0
305,0,2,0
306,1,1,7
307,2,1,5
308,4,9,16
3083,0,0,33
3084,0,0,15
309,0,17,104
310,22477,59,105
3105,0,0,7
3107,0,6590,0
311,1,1,0
3110,0,0,1
3111,0,0,29
3116,0,0,19
312,1,1,0
3122,0,0,1
313,0,1,0
314,0,2,0
3140,0,0,3
3144,0,0,42
3145,0,0,18
315,3,3,0
3150,0,0,39
3157,0,0,1
3158,6,0,0
316,0,4,208
3167,394,0,0
3168,1,0,0
3169,0,0,1
317,0,2,0
3170,0,0,1
3171,0,0,2
3172,0,0,3
3173,0,0,5
318,0,3,72
3184,0,0,1
319,1,2,13
3192,0,0,1
3196,0,0,14
3197,0,0,6
3198,0,0,1
3199,0,0,2
320,0,2,0
3200,0,0,11
3201,0,0,2
3202,0,0,32
3203,0,0,18
3204,0,0,17
3206,0,0,5
3208,0,0,2
3209,0,0,51
321,0,2,0
3210,0,0,20
3211,0,0,4
3212,0,0,2
3213,0,0,4
3217,0,0,1
322,0,1,0
3221,0,0,68
3229,2,0,0
323,0,1,0
3236,0,0,3
324,0,1,1
325,0,1,13
3253,0,0,1
3254,0,0,5
3257,0,0,2
326,0,1,18
3263,0,0,2
3268,0,0,2
3269,0,0,1
327,0,1,2
3275,0,0,1
3277,0,0,14
3278,0,0,13
328,0,1,2
329,0,1,9
3290,0,0,74
33,0,0,1
330,0,1,0
3305,0,0,2
3306,0,0,8
3308,0,0,19
3309,0,0,6
331,0,1,1
3310,0,0,2
3311,0,0,5
3312,0,0,1
3313,0,0,3
3316,0,0,219
3317,0,0,5
3318,0,0,2
332,0,1,10
3327,0,0,1
333,1,1,21
3330,0,0,1
3333,0,0,1
3334,0,0,1
3335,0,0,48
3336,0,0,6
3337,0,0,21
3338,0,0,63
334,0,1,8
3340,0,0,1
3342,0,0,12
3343,0,0,6
3345,0,0,1
3348,0,0,1
3349,0,0,2
335,0,7,4
3351,0,0,17
3354,0,0,1
3355,0,0,4
3357,0,0,12
3358,0,0,1
336,0,1,0
3360,0,0,6
3363,0,0,4
3364,0,0,3
3366,0,0,2
3367,0,0,1
3368,0,0,9
337,0,1,2
3372,0,0,6
3375,0,0,2
3378,0,0,9
338,0,1,18
3381,0,0,1
3385,0,0,3
3386,0,0,1
3387,0,0,2
3388,0,0,4
339,0,1,0
3390,0,0,21
3391,0,0,21
3392,0,0,4
3394,0,0,135
3395,0,0,16
3396,0,0,42
3397,0,0,100
3398,0,0,110
3399,0,0,11
340,0,1,1
3402,0,0,5
3403,0,0,8
3405,0,0,17
341,0,1,6
3411,0,0,2
3414,0,0,1
3417,0,0,6
342,0,1,0
3421,0,0,12
3423,0,0,28
3426,0,0,8
3429,0,0,1
343,0,1,0
3432,0,0,3
3434,0,0,22
3435,0,0,13
3438,0,0,37
344,0,1,0
3441,0,0,4
3447,0,0,14
345,0,1,3
3450,0,0,5
3453,0,0,3
3456,0,0,36
3459,0,0,1
346,0,1,0
3463,0,0,2
3464,0,0,1
3465,0,0,9
3468,0,0,1
347,0,1,0
3471,0,0,1
3472,0,0,4
3474,0,0,6
3477,0,0,9
348,0,1,0
3483,0,0,100
3487,0,0,1
3488,0,0,1
349,0,1,0
3492,0,0,4
3496,0,0,9
3497,0,0,38
3498,0,0,2
3499,0,0,4
350,0,1,10
3504,0,0,8
3505,0,0,8
3509,0,0,2
351,0,1,0
3510,0,0,15
3511,0,0,45
3513,0,0,1
3516,0,0,2
3519,0,0,4
352,34,1,0
3522,0,0,3
3523,0,0,16
3524,0,0,1
3525,0,0,1
3528,0,0,12
353,0,3,0
3531,0,0,61
3533,0,0,12
3534,0,0,3
3535,0,0,41
3537,0,0,69
354,0,1,0
3540,0,0,22
3543,0,0,11
3546,0,0,1
3547,0,0,10
3548,0,0,7
355,0,1,1
3552,0,0,9
3555,0,0,2
3556,0,0,1
3558,0,0,7
3559,0,0,1
3564,0,0,1
3565,0,0,24
3567,0,0,4
357,0,0,16
3571,0,0,2
3576,0,0,3
3578,0,0,2
3579,0,0,34
3582,0,0,2
3589,0,0,2
3591,0,0,67
3592,0,0,3
3593,0,0,30
3594,0,0,17
3598,0,0,1
3600,0,0,7
3603,0,0,34
3606,0,0,42
3612,0,0,5
3613,0,0,1
3615,0,0,1
3618,0,0,54
362,1,0,0
3621,0,0,11
3622,0,0,1
3627,0,0,3
3630,0,0,2
3633,0,0,2
3639,0,0,2
364,0,0,1
3640,0,0,11
3642,0,0,2
3644,0,0,9
3645,0,0,38
3648,0,0,1
3653,0,0,1
3654,0,0,3
366,0,0,1
3660,0,0,2
3661,0,0,3
3666,0,0,32
3669,0,0,7
3678,0,0,5
368,0,0,49
3681,0,0,1
3684,0,0,1
3687,0,0,2
3690,0,0,2
3691,0,0,1
3693,0,0,11
3696,0,0,11
3699,0,0,40
3702,0,0,7
3705,0,0,38
3708,0,0,6
371,1,0,0
3713,0,0,1
3714,0,0,41
3717,0,0,7
372,0,0,20
3720,0,0,10
3721,0,0,1
3729,0,0,6
373,0,0,18
3732,0,0,8
3734,0,0,1
3735,0,0,5
3736,0,0,46
3738,0,0,15
374,0,0,46
3744,0,0,39
3745,0,0,35
3746,0,0,9
3747,0,0,3
375,0,0,3
3750,0,0,1
3753,0,0,16
3754,0,0,1
3756,0,0,2
3757,0,0,5
3759,0,0,1
3760,0,0,2
3763,0,0,13
3764,0,0,7
3765,0,0,1
3766,0,0,11
3768,0,0,16
377,2,0,3
3776,0,0,4
3777,0,0,19
3781,0,0,3
3786,0,0,4
3788,0,0,1
3789,0,0,14
379,0,0,2
3792,0,0,6
3795,0,0,4
3796,0,0,23
3798,0,0,1
3801,0,0,2
3802,0,0,2
3803,0,0,2
3807,0,0,1
3808,0,0,3
3810,0,0,3
3813,0,0,1
3816,0,0,16
382,2,0,1
3822,0,0,2
3826,0,0,12
3828,0,0,59
383,0,0,3
3831,0,0,1
3832,0,0,1
3834,0,0,60
3837,0,0,2
384,0,0,1
3843,0,0,1
3846,0,0,6
3847,0,0,9
3849,0,0,38
385,0,0,53
3850,0,0,1
3852,0,0,3
3855,0,0,1
3858,0,0,2
3861,0,0,29
3864,0,0,4
3865,0,0,13
3866,0,0,63
3867,0,0,2
3870,0,0,5
3873,0,0,1
3876,0,0,14
3882,0,0,19
3885,0,0,2
3891,0,0,3
3892,0,0,12
3897,0,0,2
390,0,0,18
3906,0,0,3
391,0,0,11
3912,0,0,7
3915,0,0,46
3918,0,0,124
392,0,0,6
3921,0,0,3
3924,0,0,7
3927,0,0,3
393,0,0,4
3930,0,0,4
3933,0,0,2
3939,0,0,2
394,0,0,1
3943,0,0,16
3944,0,0,4
3945,0,0,20
3948,0,0,3
3951,0,0,8
3952,0,0,1
3954,0,0,2
3957,0,0,5
396,0,0,4
3960,0,0,1
3963,0,0,3
3966,0,0,2
397,0,0,1
3970,0,0,1
3972,0,0,1
3978,0,0,1
3981,0,0,5
3984,0,0,1
3987,0,0,7
3990,0,0,2
3992,0,0,15
3995,0,0,7
3996,0,0,3
3999,0,0,1
400,0,0,1
4002,0,0,15
4005,0,0,2
4008,0,0,4
4011,0,0,13
4012,0,0,3
4013,0,0,4
4017,0,0,3
4020,0,0,1
4021,0,0,3
4023,0,0,3
4024,0,0,2
4025,0,0,50
4026,0,0,1
4029,0,0,4
4032,0,0,2
4035,0,0,11
4038,0,0,28
4042,0,0,2
4047,0,0,40
4048,0,0,65
4050,0,0,6
4052,0,0,2
4053,0,0,4
4062,0,0,13
4065,0,0,1
4068,0,0,1
4079,0,0,5
408,0,0,28
4080,0,0,22
4083,0,0,6
4084,0,0,2
4086,0,0,35
4087,0,0,1
4092,0,0,86
4093,0,0,21
4096,0,0,3
41,1,0,34
4101,0,0,2
4102,0,0,31
4104,0,0,5
4107,0,0,10
4109,0,0,2
4110,0,0,1
4113,0,0,33
4116,0,0,4
4117,0,0,26
4122,0,0,1
4123,0,0,2
4129,0,0,14
4134,0,0,1
4135,0,0,22
4136,0,0,41
4137,0,0,15
4140,0,0,3
4149,0,0,1
4152,0,0,10
4158,0,0,6
4161,0,0,24
4164,0,0,12
4165,0,0,5
4167,0,0,17
417,0,0,11
4170,0,0,1
4173,0,0,5
4176,0,0,4
4179,0,0,1
4181,0,0,2
4182,0,0,4
4185,0,0,1
4188,0,0,8
4191,0,0,3
4198,0,0,1
42,57,0,0
4200,0,0,11
4203,0,0,4
4204,0,0,7
4206,0,0,1
4209,0,0,1
4212,0,0,1
4215,0,0,7
4216,0,0,167
4218,0,0,13
4219,0,0,19
4224,0,0,8
4225,0,0,7
4226,0,0,6
4227,0,0,26
4230,0,0,3
4231,0,0,12
4232,0,0,32
4233,0,0,16
4236,0,0,1
4242,0,0,5
4243,0,0,14
4245,0,0,10
4248,0,0,4
4254,0,0,9
4257,0,0,6
4260,0,0,2
4263,0,0,2
4277,0,0,34
4295,0,0,3
430,0,0,9
4304,0,0,2
431,0,0,1
4310,0,0,16
4312,0,0,6
4313,0,9,11
4314,0,0,27
4315,15,1,5
4316,0,0,9
4317,1,0,18
4318,0,3,2
4319,0,1,0
4325,0,0,1
4335,0,0,4
4336,0,0,18
4340,0,0,1
4343,0,0,8
4345,0,0,1
4350,0,0,3
4353,0,0,26
4363,0,0,33
4369,0,0,1
437,0,0,5
4370,0,0,2
4371,0,0,7
4373,0,0,5
438,0,0,6
4383,1,0,0
4384,0,0,3
4385,0,0,4
4386,0,0,51
4387,0,0,4
4388,0,0,8
4392,0,0,8
4394,0,0,1
4395,0,0,9
44,1,0,0
4401,0,0,26
4417,0,0,1
4418,0,0,35
443,0,0,1
4435,0,0,21
444,0,0,1
4452,0,0,12
4454,0,0,60
4456,0,0,6
4464,0,0,9
447,0,0,3
4477,0,0,1
4479,0,0,4
4484,0,0,1
449,0,0,20
4491,0,0,39
4496,0,0,10
4499,0,0,1
450,0,0,4
4500,0,0,46
4501,0,0,1
4502,0,0,13
4505,0,0,2
4506,0,0,2
4508,0,0,3
451,52,0,3
4511,0,0,3
4512,0,0,20
4517,0,0,6
452,0,1,0
4526,0,0,2
4529,0,0,9
453,0,0,2
4538,0,0,1
4541,0,0,9
4548,0,0,1
455,19,0,1
4553,0,0,16
4554,0,0,1
4556,0,0,2
456,0,36,37
4560,0,0,1
4561,0,0,14
4562,0,0,52
457,0,1,0
4577,0,0,11
458,0,0,12
4580,0,0,13
4583,0,0,2
4586,0,0,3
4589,0,0,4
459,0,0,3
4592,0,0,5
4595,0,0,1
4596,0,0,18
4598,0,0,8
4599,0,0,1
460,0,0,15
4604,0,0,1
461,0,0,1
4611,0,0,1
4612,0,0,8
4613,0,0,1
4615,0,0,3
4616,0,0,4
4619,0,0,4
462,0,0,4
4622,0,0,6
4625,0,0,4
4626,0,0,2
4628,0,0,1
463,0,0,2
4634,0,0,4
4637,0,0,6
4638,0,0,4
4639,0,0,18
464,0,0,7
4640,0,0,1
4643,0,0,16
4646,0,0,8
4652,0,0,2
4654,0,0,10
4655,0,0,12
4658,0,0,1
4659,0,0,10
466,0,0,68
4661,0,0,4
4667,0,0,3
467,0,0,1
4670,0,0,1
4672,0,0,3
4673,0,0,1
4674,0,0,8
4677,0,0,2
4679,0,0,65
4685,0,0,1
4686,0,0,5
4688,0,0,56
469,0,0,4
4691,0,0,5
4694,0,0,1
4695,0,0,27
47,0,0,24
470,0,0,1
4700,0,0,1
4702,0,0,3
4703,0,0,171
4704,0,0,3
4705,0,0,2
4706,0,0,63
471,0,0,16
4711,0,0,1
4712,0,0,6
4715,0,0,7
4718,0,0,2
472,0,0,3
4721,0,0,61
4722,0,0,9
4724,0,0,7
4725,0,0,3
4732,0,0,6
4733,0,0,9
4734,0,0,1
4735,0,0,1
4736,0,0,7
474,0,0,7
4740,0,0,7
4742,0,0,27
4744,0,0,1
4745,0,0,1
4748,0,0,1
4751,0,0,1
4753,0,0,4
4755,0,0,10
4760,0,0,3
4763,0,0,8
4766,0,0,5
4767,0,0,10
4768,0,0,16
477,0,0,21
4772,0,0,18
4775,0,0,5
4778,0,0,1
478,0,0,1
4787,0,0,1
479,0,0,7
4790,0,0,9
4793,0,0,1
4796,0,0,5
4799,0,0,2
480,0,0,21
4802,0,0,25
4808,0,0,1
481,0,0,6
4812,0,0,7
4814,0,0,4
4817,0,0,1
482,0,0,20
4820,0,0,31
4823,0,0,40
4824,0,0,58
4826,0,0,2
483,0,0,5
4832,0,0,5
4833,0,0,11
4834,0,0,1
4838,0,0,3
4839,0,0,1
4841,0,0,14
4844,0,0,2
4847,0,0,2
485,0,0,9
4853,0,0,13
4856,0,0,9
4859,0,0,2
486,0,0,2
4862,0,0,3
4868,0,0,2
4874,0,0,1
4875,0,0,1
488,0,0,3
4880,0,0,3
4884,0,0,4
489,0,0,20
4890,0,0,12
4892,0,0,8
4895,0,0,8
4898,0,0,3
490,0,0,1
4901,0,0,6
4902,0,0,2
4904,0,0,11
4905,0,0,1
4907,0,0,28
4908,0,0,1
491,0,0,6
4910,0,0,4
4913,0,0,19
4914,0,0,1
4916,0,0,7
4917,0,0,23
4919,0,0,2
4922,0,0,2
4924,0,0,30
4926,0,0,1
4928,0,0,5
493,2,0,2
4931,0,0,7
4934,0,0,5
4935,0,0,1
4936,0,0,3
4937,0,0,12
494,0,5,9
4944,0,0,1
4946,0,0,1
4947,0,0,22
4949,0,0,6
495,0,0,18
4952,0,0,1
4953,0,0,1
4955,0,0,3
4958,0,0,39
4959,0,0,12
496,0,0,2
4960,0,0,10
4961,0,0,17
4965,0,0,1
4967,0,0,13
497,0,0,1
4970,0,0,6
4973,0,0,25
4976,0,0,15
4977,0,0,4
4979,0,0,7
498,0,0,7
4985,0,0,2
4988,0,0,1
499,0,0,43
4991,0,0,98
4992,0,0,1
4994,0,0,4
5000,0,0,1
5004,0,0,35
5006,0,0,5
5009,0,0,1
501,0,0,23
5012,0,0,2
5015,0,0,3
502,0,0,8
5021,0,0,21
5022,0,0,1
5027,0,0,6
5028,0,0,1
5029,0,0,5
5030,0,0,3
5033,0,0,7
5036,0,0,3
5038,0,0,1
5039,0,0,2
504,0,0,17
5040,0,0,2
5041,0,0,2
5045,0,0,1
5046,0,0,30
5048,0,0,6
5049,0,0,11
505,0,0,12
5054,0,0,31
5057,0,0,38
5060,0,0,15
5063,0,0,89
5066,0,0,1
5067,0,0,4
5069,0,0,7
507,0,0,38
5070,0,0,1
5072,0,0,3
5074,0,0,15
5075,0,0,3
508,0,0,42
5080,0,0,3
5081,0,0,12
5082,0,0,13
5086,0,0,6
5088,0,0,1
509,0,5,27
5090,0,0,62
5093,0,0,247
5094,0,0,1
5095,0,0,5
5096,0,0,10
5099,0,0,2
51,6,0,1
510,0,0,2
5102,0,0,10
5105,0,0,12
5106,0,0,3
5108,0,0,6
511,0,0,6
5111,0,0,3
512,1,0,3
5120,0,0,2
5121,0,0,5
5123,0,0,3
5124,0,0,3
5127,0,0,2
5128,0,0,3
5129,0,0,1
513,370,108,59
5130,0,0,6
5132,0,0,2
5134,0,0,5
5135,0,0,1
514,0,9475,3
5141,0,0,1
5144,0,0,6
5147,0,0,155
515,0,9374,0
5150,0,0,3
5151,0,0,1
5153,0,0,13
5154,0,0,1
5159,0,0,3
516,0,205,5
5162,0,0,6
5168,0,0,2
517,0,181,13
5171,0,0,5
5174,0,0,4
5177,0,0,34
5178,0,0,2
518,0,5,8
5180,0,0,2
5181,0,0,5
5186,0,0,8
5187,0,0,4
5189,0,0,4
519,0,4,1
5191,0,0,2
5192,0,0,3
5194,0,0,3
5195,0,0,1
5196,0,0,26
5198,0,0,12
52,0,0,25
520,0,1,7
5201,0,0,45
5204,0,0,1
5205,0,0,6
5206,0,0,8
5207,0,0,2
5208,0,0,1
521,0,4,2
5210,0,0,3
5213,0,0,1
5216,0,0,4
5219,0,0,4
522,0,1,0
5220,0,0,1
5222,0,0,30
5225,0,0,7
5228,0,0,1
5229,0,0,9
523,0,4,7
5231,0,0,31
5234,0,0,1
5237,0,0,99
5238,0,0,2
524,0,1,17
5243,0,0,2
5246,0,0,7
5249,0,0,9
525,0,1,0
5250,0,0,8
5252,0,0,18
5255,0,0,3
5258,0,0,5
526,0,1,0
5261,0,0,78
5262,0,0,36
5263,0,0,62
5264,0,0,9
5267,0,0,8
5268,0,0,11
527,0,1,2
5270,0,0,8
5276,0,0,9
5277,0,0,11
528,0,1,0
5288,0,0,8
5289,0,0,2
529,0,1,1
5291,0,0,80
5293,0,0,1
5295,0,0,6
5297,0,0,3
53,0,6,2
530,0,1,0
5300,0,0,4
5301,0,0,21
5302,0,0,72
5303,0,0,9
5306,0,0,1
5307,0,0,1
5309,0,0,8
531,0,1,0
5315,0,0,9
5316,0,0,2
5318,0,0,4
5319,0,0,76
532,0,1,0
5320,0,0,4
5321,0,0,3
5322,0,0,4
5324,0,0,2
5327,0,0,2
533,0,1,10
5330,0,0,2
5331,0,0,13
5333,0,0,10
5339,0,0,1
534,0,1,3
5342,0,0,2
5348,0,0,2
5349,0,0,1
535,0,1,2
5351,0,0,6
5354,0,0,3
5355,0,0,1
536,0,1,1
5360,0,0,2
5366,0,0,13
5368,0,0,1
5369,0,0,3
537,0,1,10
5372,0,0,4
5375,0,0,1
5378,0,0,6
538,0,1,13
5384,0,0,1
539,0,1,2
5390,0,0,5
5393,0,0,13
5396,0,0,1
5398,0,0,1
5399,0,0,8
54,10,6,6
540,0,1,0
5402,0,0,26
5408,0,0,1
541,0,1,0
5414,0,0,4
5417,0,0,25
5418,0,0,5
542,0,1,0
5420,0,0,1
5423,0,0,5
5424,0,0,33
5426,0,0,24
543,0,1,0
5432,0,0,3
5435,0,0,11
5436,0,0,1
5437,0,0,3
5438,0,0,1
544,0,1,2
5441,0,0,7
5442,0,0,25
5447,0,0,3
545,0,1,8
5450,0,0,2
5451,0,0,1
5454,0,0,1
5456,0,0,1
5457,0,0,1
5459,0,0,10
546,0,1,23
5460,0,0,211
5461,0,0,2
5462,0,0,1
5465,0,0,212
5468,0,0,3
547,0,1,4
5471,0,0,60
5474,0,0,5
5477,0,0,4
5478,0,0,1
548,0,1,11
5480,0,0,11
5483,0,0,80
5484,0,0,11
5486,0,0,4
549,0,1,8
5492,0,0,63
5493,0,0,15
5495,0,0,24
5498,0,0,12
55,0,0,36
550,0,1,0
5501,0,0,1
5502,0,0,1
5505,0,0,5
5508,0,0,4
5509,0,0,2
551,0,1,6
5510,0,0,6
5512,0,0,10
5514,0,0,2
5515,0,0,2
5516,0,0,1
552,0,1,0
5527,0,0,4
5528,0,0,13
5529,0,0,4
553,0,1,2
5530,0,0,3
5537,0,0,1
5539,0,0,4
554,0,1,1
555,0,1,0
5553,0,0,18
5554,0,0,2
5557,0,0,7
5558,0,0,30
556,0,1,55
5563,0,0,38
5564,0,0,1
5566,0,0,4
5567,0,0,10
5568,0,0,1
557,0,1,0
5573,0,0,4
558,0,1,0
5580,0,0,16
5581,0,0,16
5582,1,0,27
5583,0,0,2
5584,0,0,3
5585,0,0,110
5587,0,0,3
559,0,1,0
5592,0,0,1
5595,0,0,1
56,22,0,31
560,0,1,1
5600,0,0,23
5603,0,0,1
5604,0,0,4
5605,0,0,9
5608,0,0,2
561,0,1,0
5615,0,0,3
5616,0,0,2
5618,0,0,5
562,0,1,0
5628,0,0,34
563,0,1,0
5633,0,0,1
5634,0,0,1
564,0,1,0
5640,0,0,3
5641,0,0,11
565,0,1,0
5654,0,0,2
5655,0,0,16
5656,0,0,23
566,0,1,0
5663,0,0,4
5664,0,0,1
5665,0,0,1
567,443,1,11
5673,0,0,25
568,0,13,2
569,2,1,2
57,2,0,21
570,0,1,1
5705,0,0,4
571,2,1,8
5711,0,0,14
5712,0,0,3
5715,0,0,4
572,1,1,1
5725,0,0,1
573,0,1,5
574,0,1,45
5741,1,0,0
5743,5,0,2
5744,0,0,7
5745,0,0,3
5746,1,0,6
5747,0,42,33
575,0,1,1
576,0,1,11
5762,0,0,1
5768,0,0,8
577,0,4,0
5772,0,0,6
5773,0,0,62
5774,0,0,29
5777,0,0,11
578,0,4,0
5780,0,0,3
5783,0,0,56
5785,0,0,2
5786,0,0,3
5787,0,0,1
5788,0,0,3
5790,0,0,7
5791,0,0,1
5794,0,0,6
58,3,0,9
5800,0,0,3
5802,0,0,44
5806,0,0,12
5807,0,0,9
5809,0,0,1
5810,0,0,1
5811,0,0,5
5812,0,0,8
5813,0,0,6
5814,0,0,54
5817,0,0,2
5820,2,0,0
5821,0,0,30
5823,0,0,33
5824,0,0,19
5826,0,0,2
5836,0,0,19
5840,0,0,1
5842,1,0,0
5843,0,0,25
5846,0,0,6
5875,0,0,4
5889,2,0,0
5891,3,0,0
5892,22,0,17
5893,3,0,8
5894,444,0,97
5895,0,38,4
5896,0,1,1
5897,0,0,2
5899,1,0,5
59,0,0,12
590,2,0,0
5902,0,0,4
5903,0,0,2
5910,0,0,5
5911,0,0,17
5912,0,0,1
5913,0,0,2
5914,0,0,3
5915,0,0,6
5918,0,0,21
592,0,0,16
5921,0,0,3
5922,0,0,3
5924,0,0,1
5927,0,0,1
593,79,2,62
5930,0,0,3
5933,0,0,3
5936,0,0,2
594,0,0,1
5942,0,0,5
595,3,0,6
5951,0,0,16
5954,0,0,4
5957,0,0,4
596,0,0,14
5960,0,0,5
5963,0,0,3
5964,0,0,26
5969,0,0,8
597,2,0,4
5972,0,0,5
5973,0,0,1
5974,0,0,1
5978,0,0,80
5979,0,0,27
5981,0,0,3
5984,0,0,2
5985,0,0,18
5987,0,0,4
5988,0,0,2
5990,0,0,6
5993,0,0,15
5996,0,0,7
5999,0,0,20
60,0,0,7
6000,0,0,2
6002,0,0,5
6005,0,0,1
6008,0,0,3
6011,0,0,28
6014,0,0,1
6017,0,0,3
6018,0,0,10
6020,0,0,2
6023,0,0,14
6026,0,0,4
6029,0,0,4
603,0,0,1
6032,0,0,10
6035,0,0,2
6039,0,0,1
6040,0,0,52
6041,0,0,3
6044,0,0,4
6047,0,0,1
605,0,0,1
6050,0,0,9
6051,0,0,2
6052,0,0,5
6053,0,0,3
6054,0,0,2
6059,0,0,2
606,0,0,17
6060,0,0,9
6061,0,0,1
6068,0,0,2
6071,0,0,6
6074,0,0,13
6075,0,0,3
6077,0,0,3
6080,0,0,1
6083,0,0,4
6086,0,0,2
6089,0,0,2
6092,0,0,2
61,0,0,43
6101,0,0,14
6104,0,0,9
6107,0,0,2
6108,0,0,1
6110,0,0,1
6112,0,0,3
6113,0,0,11
6116,0,0,19
6119,0,0,6
6120,0,0,4
6122,0,0,1
6125,0,0,3
6131,0,0,5
6134,0,0,2
6137,0,0,1
614,0,0,1
6146,0,0,7
6150,0,0,15
6152,0,0,13
6155,0,0,3
6156,0,0,3
6164,0,0,41
6167,0,0,11
6170,0,0,2
6176,0,0,5
6179,0,0,29
6182,0,0,32
6185,0,0,12
6188,0,0,1
619,0,0,2
6191,0,0,3
6194,0,0,9
6197,0,0,1
62,0,0,11
6203,0,0,4
6206,0,0,4
621,0,0,1
6212,0,0,1
6215,0,0,2
6216,0,0,57
6218,0,0,1
6221,0,0,52
6224,0,0,5
6227,0,0,30
6230,0,0,4
6231,0,0,4
6233,0,0,1
6236,0,0,2
6239,0,0,8
6242,0,0,3
6245,0,0,1
6248,0,0,8
6249,0,0,9
6251,0,0,8
6253,0,0,10
6254,0,0,16
6257,0,0,14
6260,0,0,54
6261,0,0,43
6263,0,0,3
6266,0,0,15
6267,0,0,63
6268,0,0,2
6269,0,0,6
6272,0,0,30
6275,0,0,1
6278,0,0,3
6281,0,0,7
6284,0,0,12
6285,0,0,10
6287,0,0,1
629,0,0,15
6290,0,0,9
6293,0,0,105
6297,0,0,11
6299,0,0,6
63,0,2,15
6302,0,0,37
6305,0,0,17
6307,0,0,1
6308,0,0,1
6314,0,0,6
6317,0,0,20
6318,0,0,1
632,0,0,1
6320,0,0,10
6323,0,0,14
6324,0,0,5
6326,0,0,5
633,0,0,2
6335,0,0,3
6338,0,0,8
6339,0,0,2
634,0,0,34
6340,0,0,76
6341,0,0,3
6345,0,0,6
6347,0,0,1
635,0,1,2
6351,0,0,11
6353,0,0,10
6356,0,0,4
6357,0,0,8
6359,0,0,27
636,0,0,23
6362,0,0,3
6365,0,0,5
6366,0,0,65
6367,0,0,2
6368,0,0,8
6371,0,0,1
6374,0,0,9
6375,0,0,2
6377,0,0,3
6378,0,0,16
6383,0,0,10
6386,0,0,41
6389,0,0,4
6392,0,0,14
6395,0,0,16
64,0,3,63
6401,0,0,1
6404,0,0,1
6407,0,0,6
6408,0,0,4
6410,0,0,1
6413,0,0,5
6416,0,0,1
6422,0,0,2
6425,0,0,1
6428,0,0,3
6431,0,0,5
6437,0,0,11
644,0,0,7
6443,0,0,4
6445,0,0,3
6446,0,0,65
6449,0,0,1
6452,0,0,13
6455,0,0,3
6456,0,0,6
6458,0,0,1
6461,0,0,1
6464,0,0,1
6465,0,0,17
6471,0,0,2
6473,0,0,5
6476,0,0,4
6479,0,0,1
648,0,0,3
6480,0,0,21
6481,0,0,5
6482,0,0,3
6483,0,0,1
6485,0,0,9
6488,0,0,5
6491,0,0,5
6494,0,0,2
6497,0,0,32
65,11,1,27
650,0,0,13
6500,0,0,1
6503,0,0,3
6506,0,0,1
6507,0,0,2
6509,0,0,2
6510,0,0,2
6512,0,0,11
6515,0,0,8
6518,0,0,1
6524,0,0,67
6527,0,0,29
6530,0,0,8
6531,0,0,21
6533,0,0,4
6536,0,0,1
6542,0,0,7
6546,0,0,1
6548,0,0,1
6551,0,0,5
6560,0,0,4
6563,0,0,5
6566,0,0,4
6569,0,0,9
6570,0,0,12
6575,0,0,11
6578,0,0,9
6581,0,0,5
6584,0,0,1
6590,0,0,1
6591,0,0,1
6593,0,0,1
6596,0,0,2
6599,0,0,5
66,0,49,18
6602,0,0,3
6603,0,0,7
6605,0,0,9
6611,0,0,2
6614,0,0,7
6617,0,0,4
6620,0,0,43
6626,0,0,3
6629,0,0,1
663,0,0,2
6632,0,0,8
6635,0,0,5
6641,0,0,38
6644,0,0,1
6645,0,0,2
6647,0,0,23
6650,0,0,6
6656,0,0,3
6659,0,0,1
6662,0,0,3
6663,0,0,26
6665,0,0,2
6668,0,0,4
6671,0,0,31
6674,0,0,3
6677,0,0,5
6678,0,0,1
6680,0,0,9
6681,0,0,16
6683,0,0,12
6686,0,0,3
6689,0,0,1
6692,0,0,1
6698,0,0,1
67,0,2,1
6701,0,0,10
6704,0,0,3
6707,0,0,28
6710,0,0,16
6713,0,0,33
6716,0,0,11
6719,0,0,41
6722,0,0,14
6723,0,0,1
6725,0,0,1
6728,0,0,9
6731,0,0,1
6734,0,0,31
6735,0,0,8
6737,0,0,1
6740,0,0,1
6746,0,0,4
6747,0,0,1
675,0,0,2
6750,0,0,1
6752,0,0,8
6755,0,0,26
6756,0,0,1
6761,0,0,1
6767,0,0,6
6770,0,0,3
6773,0,0,1
6776,0,0,11
6779,0,0,22
678,0,0,3
6782,0,0,54
6785,0,0,2
6788,0,0,3
679,0,0,1
6791,0,0,12
6794,0,0,5
6797,0,0,4
6800,0,0,1
6803,0,0,3
6806,0,0,2
6809,0,0,1
681,0,0,2
6812,0,0,4
6815,0,0,8
6821,0,0,6
6827,0,0,8
6830,0,0,3
6836,0,0,16
6839,0,0,1
6842,0,0,24
6843,0,0,10
6845,0,0,1
6848,0,0,8
6851,0,0,1
6852,0,0,17
6855,0,0,5
6857,0,0,1
6860,0,0,1
6863,0,0,51
6866,0,0,9
6869,0,0,1
6872,0,0,7
6875,0,0,5
6878,0,0,2
6881,0,0,30
6884,0,0,2
6887,0,0,6
689,0,0,1
6890,0,0,24
6891,0,0,15
6895,0,0,1
6896,0,0,15
6899,0,0,43
6902,0,0,8
6905,0,0,6
6908,0,0,10
6911,0,0,3
6914,0,0,5
6915,0,0,9
6916,0,0,1
6917,0,0,16
6918,0,0,1
6923,0,0,1
6924,0,0,1
6929,0,0,5
6932,0,0,12
6935,0,0,2
6941,0,0,3
6944,0,0,2
6947,0,0,1
6950,0,0,2
6951,0,0,7
6953,0,0,4
6956,0,0,44
6959,0,0,4
6960,0,0,5
6962,0,0,41
6965,0,0,24
6968,0,0,6
6971,0,0,4
6974,0,0,4
6975,0,0,8
6977,0,0,2
6980,0,0,1
6983,0,0,2
6986,0,0,2
6990,0,0,2
6995,0,0,2
70,5,0,2
7001,0,0,46
7002,0,0,1
7004,0,0,13
7007,0,0,8
7010,0,0,1
7013,0,0,5
7016,0,0,2
7019,0,0,1
702,0,0,1
7022,0,0,3
7025,0,0,4
7031,0,0,1
7040,0,0,1
7041,0,0,2
7043,0,0,7
7046,0,0,2
7049,0,0,1
7051,0,0,7
7052,0,0,3
7055,0,0,13
7056,0,0,1
7061,0,0,8
7064,0,0,3
7067,0,0,3
7070,0,0,5
7073,0,0,5
7076,0,0,49
7079,0,0,13
7080,0,0,18
7082,0,0,1
709,0,0,645
7091,0,0,9
7094,0,0,27
7098,0,0,1
71,0,0,2
710,0,0,22
7100,0,0,1
7103,0,0,14
7104,0,0,1
7109,0,0,4
711,0,0,12
7112,0,0,4
7113,0,0,1
7115,0,0,4
7116,0,0,1
7118,0,0,5
7119,0,0,37
7121,0,0,3
7122,0,0,1
7124,0,0,3
7125,0,0,3
7127,0,0,3
7129,0,0,2
7130,0,0,1
7131,0,0,1
7133,0,0,3
7136,0,0,2
7138,0,0,1
7139,0,0,1
714,0,0,9
7142,0,0,42
7146,0,0,5
7148,0,0,30
7150,0,0,4
7151,0,0,37
7153,0,0,4
7154,0,0,6
7157,0,0,1
7158,0,0,24
7159,0,0,2
7160,0,0,5
7163,0,0,6
7166,0,0,2
7170,0,0,10
7175,0,0,6
7181,0,0,8
7184,0,0,2
719,0,0,7
7190,0,0,2
7191,0,0,1
7196,0,0,7
72,0,0,10
720,0,4,0
7200,0,0,1
7202,0,0,15
7205,0,0,5
7208,0,0,4
721,0,0,15
7211,0,0,19
722,0,0,9
7220,0,0,14
7223,0,0,21
7226,0,0,5
7229,0,0,2
723,0,0,41
7232,0,0,2
7235,0,0,5
7238,0,0,3
7241,0,0,1
7244,0,0,6
7245,0,0,35
7247,0,0,26
7250,0,0,11
7253,0,0,2
7256,0,0,25
7257,0,0,4
7258,0,0,87
7259,0,0,1
7260,0,0,1
7262,0,0,14
7268,0,0,4
7269,0,0,40
7270,0,0,79
7271,0,0,3
7278,0,0,27
7279,0,0,1
7280,0,0,7
7283,0,0,5
7286,0,0,1
729,0,0,4
7295,0,0,1
7298,0,0,22
7299,0,0,39
7300,0,0,2
7301,0,0,1
7302,0,0,27
7304,0,0,8
7305,0,0,1
7307,0,0,1
7308,0,0,1
7310,0,0,6
7316,0,0,1
7317,0,0,1
7319,0,0,24
7322,0,0,1
7325,0,0,31
7329,0,0,4
7331,0,0,10
7332,0,0,1
7334,0,0,5
7337,0,0,45
7340,0,0,27
7346,0,0,6
7347,0,0,1
7348,0,0,1
735,0,0,13
7352,0,0,1
7353,0,0,4
7354,0,0,2
7355,0,0,1
7356,0,0,10
7357,0,0,1
7358,0,0,1
7361,0,0,1
7362,0,0,2
7363,0,0,1
7364,0,0,32
7365,0,0,9
7367,0,0,1
737,0,0,9
7370,0,0,3
7372,0,0,12
7373,0,0,3
7374,0,0,4
7375,0,0,1
7376,0,0,20
7377,0,0,2
7379,0,0,14
7382,0,0,12
7385,0,0,1
7386,0,0,1
7388,0,0,3
7389,0,0,17
739,0,0,35
7391,0,0,7
7394,0,0,4
7397,0,0,9
74,0,5,0
7400,0,0,7
7403,0,0,31
7406,0,0,2
7407,0,0,9
7408,0,0,1
7409,0,0,9
7412,0,0,1
7418,0,0,4
7419,0,0,33
742,0,0,2
7424,0,0,54
7427,0,0,6
7430,0,0,3
7433,0,0,3
7436,0,0,4
7439,0,0,1
7440,0,0,4
7443,0,0,5
7444,0,0,56
7445,0,0,4
7446,0,0,1
7447,0,0,1
745,6,0,25
7455,0,0,1
746,1,0,4
7466,0,16,0
7468,0,0,1
7471,0,0,1
7472,0,5,18
7473,0,0,1
7474,0,0,2
7476,0,0,1
748,0,0,2
7492,0,0,44
7493,0,0,17
7496,0,0,1
7498,0,0,4
75,0,5,7
750,0,3,0
7501,0,0,3
7502,0,6,12
7505,0,0,1
7508,10,0,0
751,0,0,4
7511,0,0,1
7515,0,6,1
7521,0,0,33
7533,0,0,45
7534,0,0,8
7542,0,0,2
7543,0,0,12
7546,0,0,10
7551,0,0,5
7552,0,0,2
7559,0,0,2
7561,0,0,3
7567,0,0,6
7570,0,0,7
7572,0,0,15
7576,0,0,6
7581,0,0,5
7585,0,0,1
759,0,0,1
7595,0,0,1
7598,0,0,76
7600,0,0,14
7604,0,0,16
7605,0,0,1
7607,0,0,3
7609,0,0,55
761,0,0,30
7610,0,0,2
7621,0,0,2
7624,0,0,3
7630,0,0,5
7633,0,0,3
7637,0,0,2
7642,0,0,3
7645,0,0,10
7646,0,0,1
7647,0,0,2
7649,0,0,2
7652,0,0,4
7657,0,0,8
7660,0,0,19
7661,0,0,5
7663,0,0,1
7664,0,0,4
7667,0,0,1
7669,0,0,2
7672,0,0,1
7673,0,0,11
7674,0,0,22
7675,0,0,4
7676,0,0,1
7677,0,0,2
7678,0,0,15
7679,0,0,14
7680,0,0,7
7681,0,0,6
7684,0,0,6
7685,0,0,4
7686,0,0,1
7687,0,0,1
769,0,0,17
7690,0,0,5
7692,0,0,2
7693,0,0,1
7694,0,0,2
7696,0,0,9
7697,0,0,2
7699,0,0,2
770,0,0,1
7700,0,0,3
7702,0,0,8
7705,0,0,17
7706,0,0,27
7707,0,0,1
7708,0,0,1
771,0,0,1
7711,0,0,43
7712,0,0,1
7713,0,0,10
7714,0,0,2
7715,0,0,2
7717,0,0,4
7718,0,0,4
7720,0,0,8
7723,0,0,1
7724,0,0,1
7726,0,0,1
773,0,0,1
7732,0,0,1
7733,0,0,1
7737,0,0,1
7738,0,0,6
7740,0,0,3
7741,0,0,16
7743,0,0,2
7746,0,0,22
7747,0,0,1
7748,0,0,2
7749,0,0,2
7750,0,0,7
7752,0,0,3
7753,0,0,1
7754,0,0,15
7756,0,0,3
7757,0,0,3
7759,0,0,22
7761,0,0,4
7762,0,0,36
7764,0,0,1
7765,0,0,27
7766,0,0,1
7768,0,0,7
7771,0,0,2
7772,0,0,12
7773,0,0,5
7774,0,0,7
7775,0,0,40
7777,0,0,1
7780,0,0,1
7783,0,0,5
7784,0,0,3
7785,0,0,7
7786,0,0,1
7787,0,0,1
7789,0,0,22
779,0,0,2
7792,0,0,2
7793,0,0,1
7795,0,0,2
7796,0,0,2
7804,0,0,9
7805,0,0,55
7807,0,0,1
7808,0,0,2
7810,0,0,9
7811,0,0,3
7812,0,0,1
7813,0,0,1
7814,0,0,1
7816,0,0,3
7817,0,0,3
7819,0,0,4
782,0,0,3
7822,0,0,41
7826,0,0,1
7828,0,0,7
783,0,0,1
7830,0,0,31
7831,0,0,4
7834,0,0,1
7837,0,0,5
7840,0,0,1
7843,0,0,2
7844,0,0,27
7846,0,0,1
7849,0,0,16
7852,0,0,27
7853,0,0,83
7854,0,0,14
7855,0,0,3
7857,0,0,1
7858,0,0,2
7859,0,0,43
7861,0,0,62
7864,0,0,5
7868,0,0,4
7870,0,0,7
7873,0,0,1
7874,0,0,4
7879,0,0,2
7885,0,0,1
7888,0,0,24
789,0,0,40
7891,0,0,1
7894,0,0,8
7897,0,0,33
7906,0,0,2
7909,0,0,3
7912,0,0,10
7915,0,0,8
7918,0,0,4
792,0,0,4
7922,0,0,1
7924,0,0,6
7927,0,0,2
793,0,0,1
7930,0,0,2
7931,0,0,2
7933,0,0,8
7934,0,0,28
7935,0,0,5
7936,0,0,1
7939,0,0,9
794,0,0,19
7942,0,0,3
7948,0,0,4
7951,0,0,3
7954,0,0,1
7957,0,0,5
7958,0,0,7
7960,0,0,25
7961,0,0,18
7962,0,0,2
7963,0,0,8
7964,0,0,6
7966,0,0,1
7967,0,0,2
7972,0,0,6
7975,0,0,2
7976,0,0,5
7978,0,0,7
7979,0,0,4
7980,0,0,9
7981,0,0,3
7982,0,0,1
7984,0,0,19
7987,0,0,1
7990,0,0,18
7993,0,0,54
7999,0,0,8
8,0,0,1
8002,0,0,3
8005,0,0,3
8009,0,0,1
801,0,0,4
8010,0,0,2
8014,0,0,9
8017,0,0,1
8020,0,0,31
8021,0,0,5
8022,0,0,5
8023,0,0,7
8027,0,0,56
8029,0,0,12
8035,0,0,1
8038,0,0,20
8047,0,0,24
8050,0,0,3
8053,0,0,4
8059,0,0,3
8062,0,0,4
8063,0,0,1
8065,0,0,20
8074,0,0,5
8075,0,0,3
8077,0,0,11
8078,0,0,10
8083,0,0,6
8084,0,0,9
8087,0,0,3
8089,0,0,2
8092,0,0,1
8093,0,0,17
8095,0,0,8
81,0,0,2
8101,0,0,1
8104,0,0,1
8107,0,0,4
8108,0,0,15
811,0,0,1
8110,0,0,4
8113,0,0,2
8116,0,0,8
8119,0,0,21
8120,0,0,2
813,0,0,15
8131,0,0,11
8134,0,0,7
8137,0,0,2
8138,0,0,1
8142,0,0,1
8143,0,0,6
8146,0,0,3
8149,0,0,38
8152,0,0,51
8155,0,0,40
8158,0,0,12
8161,0,0,1
8164,0,0,2
8167,0,0,32
8170,0,0,3
8173,0,0,4
8176,0,0,7
8179,0,0,5
8185,0,0,6
8188,0,0,21
8191,0,0,6
8194,0,0,2
8197,0,0,3
82,0,0,1
8200,0,0,8
8203,0,0,2
8206,0,0,5
8209,0,0,7
8210,0,0,1
8212,0,0,7
8215,0,0,16
8216,0,0,4
8218,0,0,2
8222,0,0,10
8224,0,0,6
8225,0,0,1
8227,0,0,76
8230,0,0,1
8233,0,0,2
8238,0,0,4
8239,0,0,2
824,0,0,6
8242,0,0,3
8245,0,0,18
8248,0,0,8
8250,0,0,1
8251,0,0,121
8254,0,0,2
8255,0,0,2
8257,0,0,19
8258,0,0,2
8260,0,0,4
8261,0,0,4
8262,0,2,0
8263,0,2,0
8264,0,2,25
8265,0,2,3
8266,0,2,2
8267,0,3,0
8268,0,2,0
8269,0,12,18
827,0,0,88
8270,40,32,0
8271,32,3987,6
8272,0,4017,0
8273,1,4024,2
8274,0,4024,2
8275,0,4025,0
8276,0,4025,0
8277,0,4006,16
8278,1,4031,1
8279,0,4018,89
8280,10,126,7
8281,0,6,4
8282,0,4,6
8283,0,4,0
8284,0,2,0
8285,0,2,3
8286,0,3,17
8287,0,2,0
8288,0,2,1
8289,0,2,1
8290,0,4,7
8291,1,0,4
8292,0,0,47
8293,0,0,8
8294,0,0,1
8295,0,0,1
8296,0,0,8
8300,0,0,1
8301,0,0,2
8302,0,0,3
8308,0,0,3
8309,0,0,1
8310,0,0,5
8311,0,0,4
8315,0,0,1
8331,0,0,2
8333,0,0,2
8334,0,0,25
8337,0,0,17
8338,0,0,5
8343,0,1,1
8345,0,0,3
8346,0,0,4
8347,1,0,10
8348,0,0,18
8349,0,0,4
8350,0,0,3
8351,0,0,1
8358,0,0,2
8360,0,0,1
8369,0,0,2
8374,0,0,3
8376,0,0,1
8377,0,0,1
8378,0,0,1
8379,0,0,4
8380,0,0,12
8381,0,0,6
8383,0,0,8
8386,0,0,2
8387,0,0,11
8388,0,0,4
8389,0,0,15
839,0,0,8
8392,0,0,8
8393,0,0,1
8394,0,0,7
8395,0,0,1
8397,0,0,2
8400,0,0,5
8401,0,0,3
8403,0,0,3
8404,0,0,46
8405,0,0,4
8406,0,0,16
8408,0,0,1
8410,0,0,51
8412,0,0,22
8414,0,0,1
8416,0,0,3
8417,0,0,2
8419,0,0,5
8420,0,0,2
8422,0,0,1
8423,0,0,1
8426,0,0,2
8431,0,0,1
8432,0,0,4
8433,0,0,17
8434,0,0,6
8435,0,0,3
8440,0,0,20
8441,0,0,5
8443,0,0,3
8447,0,0,2
8448,0,0,10
8450,0,0,1
8451,0,0,4
8452,0,0,2
8454,0,0,1
8455,0,0,1
8459,0,0,1
8461,0,0,24
8462,0,0,4
8463,0,0,5
8464,0,0,4
8465,0,1,1
8466,0,1,3
8467,0,1,5
8468,0,1,2
8469,0,1,0
8470,0,1,9
8471,0,0,5
8472,0,0,4
8473,0,0,39
8474,0,0,2
8475,0,0,1
8477,0,0,19
8478,0,0,11
8479,0,0,8
8480,0,0,8
8481,0,0,6
8485,0,0,37
8487,0,0,3
8488,0,0,5
8489,0,0,2
8490,0,0,9
8495,0,1,0
8496,0,1,3
8497,0,1,1
8498,0,1,0
8499,0,1,0
85,0,0,1
850,0,0,3
8500,0,1,0
8501,0,0,1
8503,0,0,13
8504,0,0,12
8505,0,0,1
8506,0,0,8
8507,0,0,27
8508,0,0,2
8509,0,0,5
8510,0,0,1
8512,0,0,57
8514,0,0,1
8515,0,0,4
8516,0,0,8
8518,0,0,3
8519,0,0,13
8520,0,0,5
8521,0,0,18
8522,0,0,1
8523,0,0,1
8525,0,0,5
8527,0,0,1
8530,0,0,20
8531,0,0,45
8533,0,0,10
8536,0,0,3
8537,0,0,4
8538,0,0,5
8540,0,0,1
8541,0,0,12
8542,0,0,1
8544,0,0,1
8545,0,0,16
8547,0,0,2
8548,0,0,3
8550,0,0,1
8551,0,0,3
8553,0,0,1
8555,0,0,9
8556,0,0,1
8557,0,0,43
8558,0,0,2
8562,0,0,4
8563,0,0,21
8565,0,0,3
8566,0,0,20
8567,0,0,39
8568,0,0,5
8572,0,0,62
8573,0,0,42
8574,0,0,1
8575,0,0,1
8576,0,0,3
8577,0,0,28
8578,0,0,3
8580,0,0,3
8581,0,0,9
8582,0,0,5
8584,0,0,17
8586,0,0,7
8587,0,0,3
8588,0,0,7
8589,0,0,5
8590,0,0,2
8592,0,0,2
8593,0,0,23
8594,0,0,2
8595,0,0,5
8596,0,0,1
8597,0,0,2
8598,0,0,8
8599,0,0,3
8601,0,0,3
8602,0,0,6
8603,0,0,20
8604,0,0,4
8605,0,0,2
8607,0,0,3
8608,0,0,2
8609,0,0,21
861,0,0,1
8610,0,0,11
8613,0,0,8
8614,0,0,32
8615,0,0,2
8616,0,0,4
8617,0,0,2
8618,0,0,21
8620,0,0,1
8622,0,0,2
8623,0,0,17
8625,0,0,8
8626,0,0,4
8629,0,0,1
8632,0,0,12
8633,0,0,2
8634,0,0,24
8635,0,0,3
8636,0,0,5
8637,0,0,2
8638,0,0,1
8639,0,0,3
8641,0,0,1
8642,0,0,3
8643,0,0,4
8648,0,0,5
8649,0,0,5
865,0,0,3
8650,0,0,1
8651,0,0,2
8652,0,0,1
8653,0,0,2
8654,0,0,53
8655,0,0,3
8656,0,0,9
8657,0,0,2
8658,0,0,5
8659,0,0,28
866,0,0,2
8660,0,0,3
8661,0,0,2
8664,0,0,3
8667,0,0,2
8668,0,0,1
867,0,0,3
8670,0,0,13
8671,0,0,1
8673,0,0,2
8674,0,0,22
8676,0,0,6
8679,0,0,6
868,0,0,4
8681,0,0,15
8682,0,0,4
8683,0,0,13
8686,0,0,5
8688,0,0,8
8689,0,0,1
869,0,0,7
8691,0,0,4
8696,0,0,1
8697,0,0,68
8698,0,0,4
8699,0,0,13
870,0,0,12
8700,0,0,4
8701,0,0,40
8702,0,0,6
8704,0,0,7
8705,0,0,28
8706,0,0,5
8709,0,0,2
8711,0,0,10
8712,0,0,1
8713,0,0,13
8714,0,0,1
8718,0,0,15
8721,0,0,3
8723,0,0,26
8725,0,0,3
8727,0,0,6
8730,0,0,19
8733,0,0,1
8736,0,0,13
8742,0,0,1
8743,0,0,21
8744,0,0,4
8745,0,0,36
8749,0,0,17
8750,0,0,1
8751,0,0,6
8753,0,0,5
8754,0,0,1
8756,0,0,10
8757,0,0,5
8760,0,0,1
8761,0,0,2
8762,0,0,2
8763,0,0,2
8764,0,0,29
8765,0,0,2
8766,0,0,2
8767,0,0,7
8772,0,0,15
8773,0,0,1
8774,0,0,7
8775,0,0,15
8778,0,0,2
8781,0,0,1
8784,0,0,17
8785,0,0,1
8787,0,0,2
8788,0,0,1
8790,0,0,44
8793,0,0,52
8794,0,0,10
8799,0,0,1
8802,0,0,15
8803,0,0,1
8806,0,0,1
8808,0,0,4
8812,0,0,21
8814,0,0,1
8817,0,0,8
8818,0,0,3
8820,0,0,8
8821,0,0,5
8823,0,0,7
8824,0,0,2
8825,0,0,6
8826,0,0,2
8829,0,0,6
8830,0,0,3
8832,0,0,5
8833,0,0,3
8835,0,0,6
8836,0,0,4
8837,0,0,2
8838,0,0,17
8839,0,0,17
884,0,0,2
8840,0,0,1
8841,0,0,3
8842,0,0,6
8843,0,0,38
8844,0,0,2
8847,0,0,1
8848,0,0,2
8850,0,0,1
8853,0,0,12
8854,0,0,21
8855,0,0,4
8856,0,0,26
8857,0,0,5
8859,0,0,4
8861,0,0,4
8862,0,0,5
8865,0,0,27
8866,0,0,9
8867,0,0,2
8868,0,0,3
8869,0,0,4
8870,0,0,15
8871,0,0,5
8872,0,0,2
8874,0,0,3
8875,0,0,3
8877,0,0,27
8879,0,0,2
8881,0,0,2
8883,0,0,1
8884,0,0,1
8886,0,0,11
8887,0,0,3
8889,0,0,3
8895,0,0,9
8896,0,0,15
8897,0,0,3
8898,0,0,1
89,0,0,15
8901,0,0,11
8902,0,0,5
8904,0,0,3
8905,0,0,2
8906,0,0,3
8907,0,0,1
8908,0,0,1
8909,0,0,1
8910,0,0,7
8911,0,0,15
8913,0,0,4
8920,0,0,10
8921,0,0,8
8922,0,0,2
8925,0,0,5
8926,0,0,2
8927,0,0,1
8928,0,0,6
8929,0,0,2
8930,0,0,3
8931,0,0,11
8933,0,0,1
8935,0,0,2
8937,0,0,6
8938,0,0,3
8939,0,0,1
8940,0,0,15
8943,0,0,8
8944,0,0,4
8945,0,0,6
8946,0,0,3
895,0,0,6
8950,0,0,10
8951,0,0,3
8952,0,0,11
8953,0,0,1
8954,0,0,6
8955,0,0,3
8957,0,0,1
8958,0,0,5
8959,0,0,1
8961,0,0,4
8962,0,0,7
8964,0,0,4
8966,0,0,8
8967,0,0,2
8968,0,0,1
8970,0,0,9
8971,0,0,1
8973,0,0,6
8974,0,0,4
8975,0,0,2
8976,0,0,6
8978,0,0,7
8979,0,0,12
8980,0,0,1
8981,0,0,4
8982,0,0,1
8985,0,0,6
8986,0,0,8
8987,0,0,12
8988,0,0,2
8989,0,0,8
8991,0,0,9
8992,0,0,3
8994,0,0,47
8996,0,0,1
8997,0,0,3
8998,0,0,24
8999,0,0,6
9,0,0,2
9000,0,0,1
9003,0,0,8
9006,0,0,4
9007,0,0,32
9009,0,0,3
9010,0,0,10
9011,0,0,2
9012,0,0,5
9015,0,0,1
9016,0,0,8
9017,0,0,1
9018,0,0,3
9021,0,0,16
9022,0,0,2
9023,0,0,1
9024,0,0,3
9025,0,0,23
9026,0,0,2
9027,0,0,6
9030,0,0,3
9031,0,0,3
9033,0,0,18
9036,0,0,1
9037,0,0,7
9038,0,0,5
9039,0,0,16
9041,0,0,10
9042,0,0,2
9043,0,0,3
9045,0,0,3
9046,0,0,4
9047,0,0,6
9048,0,0,2
9051,0,0,4
9052,0,0,6
9053,0,0,55
9054,0,0,17
9055,0,0,70
9056,0,0,1
9058,0,0,19
9059,0,0,1
9060,0,0,1
9061,0,0,4
9063,0,0,2
9064,0,0,40
9066,0,0,1
9067,0,0,9
9070,0,0,1
9071,0,0,62
9073,0,0,2
9077,0,0,14
9078,0,0,27
9079,0,0,7
9080,0,0,3
9082,0,0,4
9083,0,0,5
9084,0,0,15
9085,0,0,4
9087,0,0,1
9088,0,0,1
9089,0,0,1
9090,0,0,5
9091,0,0,11
9092,0,0,2
9093,0,0,8
9094,0,0,6
9095,0,0,16
9096,0,0,9
9097,0,0,12
9098,0,0,16
9099,0,0,48
9100,0,0,21
9101,0,0,11
9102,0,0,5
9103,0,0,7
9104,0,0,18
9106,0,0,1
9107,0,0,1
9109,0,0,5
9110,0,0,22
9111,0,0,14
9115,0,0,17
9116,0,0,16
9117,0,0,5
9118,0,0,1
9119,0,0,2
9120,0,0,4
9121,0,0,8
9123,0,0,207
9126,0,0,22
9127,0,0,2
9128,0,0,88
9129,0,0,5
9130,0,0,4
9131,0,0,1
9132,0,0,1
9135,0,0,1
9136,0,0,4
9137,0,0,8
9138,0,0,4
9139,0,0,33
914,0,0,1
9141,0,0,48
9142,0,0,10
9144,0,0,4
9145,0,0,19
9148,0,0,12
9150,0,0,6
9151,0,0,6
9152,0,0,16
9153,0,0,4
9156,0,0,12
9157,0,0,2
9159,0,0,1
9162,0,0,29
9163,0,0,17
9165,0,0,20
9166,0,0,4
9167,0,0,6
9168,0,0,5
9170,0,0,2
9174,0,0,7
9175,0,0,6
9177,0,0,6
9178,0,0,5
9179,0,0,2
918,0,0,4
9180,0,0,15
9181,0,0,25
9182,0,0,12
9186,0,0,22
9187,0,0,4
9188,0,0,3
9192,0,0,7
9194,0,0,4
9196,0,0,17
9198,0,0,1
92,2,0,0
9200,0,0,2
9202,0,0,1
9205,0,0,1
921,0,0,12
9210,0,0,53
9212,0,0,4
9214,0,0,18
9215,0,0,4
922,0,0,11
9221,0,0,7
9228,0,0,5
9230,0,0,15
9233,0,0,8
9234,0,0,5
9236,0,0,3
9242,0,0,4
9243,0,0,6
9245,0,0,2
9248,0,0,21
9251,0,0,4
9254,0,0,51
9257,0,0,1
9258,0,0,2
9260,0,0,2
9261,0,0,2
9262,0,0,1
9263,0,0,5
9266,0,0,44
9269,0,0,4
9270,0,0,8
9275,0,0,12
9276,0,0,2
9278,0,0,1
9281,0,0,7
9282,0,0,1
9284,0,0,5
9286,0,0,3
9287,0,0,15
9288,0,0,10
929,0,0,3
9290,0,0,3
9293,0,0,3
9296,0,0,2
9297,0,0,3
9299,0,0,27
93,1,0,112
930,0,0,105
9300,0,0,64
9301,0,0,10
9304,0,0,5
9305,0,0,7
9308,0,0,4
931,0,0,2
9311,0,0,6
9315,0,0,3
9316,0,0,21
9317,0,0,11
9318,0,0,1
9319,0,0,1
9323,0,0,7
9324,0,0,5
9325,0,0,8
9327,0,0,8
9329,0,0,45
9332,0,0,9
9335,0,0,13
9336,0,0,10
9337,0,0,2
9338,0,0,8
9341,0,0,1
9342,0,0,1
9344,0,0,6
9345,0,0,3
9347,0,0,6
9348,0,0,1
9350,0,0,1
9351,0,0,5
9353,0,0,4
9355,0,0,14
9356,0,0,3
9357,0,0,2
9358,0,0,2
9359,0,0,4
9360,0,0,2
9362,0,0,1
9365,0,0,8
9367,0,0,1
9368,0,0,25
9370,0,0,1
9371,0,0,2
9374,0,0,6
9377,0,0,51
9380,0,0,47
9383,0,0,5
9386,0,0,9
9389,0,0,54
9391,0,0,1
9392,0,0,2
9398,0,0,6
94,0,0,80
9407,0,0,11
9410,0,0,8
9413,0,0,3
9419,0,0,5
942,0,0,9
9422,0,0,2
9423,0,0,2
9424,0,0,6
9425,0,0,21
9428,0,0,13
9431,0,0,9
9438,0,0,35
9440,0,0,6
9443,0,0,4
9447,0,0,1
9448,0,0,4
9449,0,0,61
9452,0,0,60
9455,0,0,7
9456,0,0,9
9458,0,0,3
9459,0,0,2
9461,0,0,8
9462,0,0,3
9464,0,0,2
9467,0,0,8
9468,0,0,39
9469,0,0,10
9473,0,0,1
9476,0,0,1
9477,0,0,20
9478,0,0,13
9479,0,0,10
9480,0,0,1
9482,0,0,8
9488,0,0,5
9489,0,0,4
9494,0,0,65
9495,0,0,1
9497,0,0,6
9498,0,0,2
95,0,0,17
9500,0,0,1
9503,0,0,1
9506,0,0,1
9509,0,0,8
951,0,0,3
9512,0,0,2
9515,0,0,2
9518,0,0,2
9521,0,0,1
9524,0,0,11
9525,0,0,1
9527,0,0,5
953,0,0,16
9530,0,0,52
9531,0,0,40
9533,0,0,18
9536,0,0,2
9539,0,0,3
954,0,0,1
9540,0,0,6
9541,0,0,1
9542,0,0,2
9545,0,0,67
9548,0,0,33
955,357,0,0
9551,0,0,1
9554,0,0,38
956,0,13,1
9560,0,0,6
9569,0,0,2
957,0,0,2
9572,0,0,1
9575,0,0,34
9577,0,0,1
9578,0,0,1
9580,0,0,1
9581,0,0,9
9584,0,0,1
9589,0,0,1
959,0,0,4
9590,0,0,2
9591,0,0,11
9592,0,0,2
9593,0,0,4
9596,0,0,9
9599,0,0,1
960,0,2,1
9600,0,0,3
9602,0,0,6
9604,0,0,5
9605,0,0,13
9608,0,0,1
961,0,14,85
9612,0,0,16
9614,0,0,3
9615,0,0,32
9617,0,0,5
9620,0,0,3
9621,0,0,4
9623,0,0,10
9629,0,0,13
9630,0,0,1
9632,0,0,22
9635,0,0,3
9636,0,0,2
9638,0,0,2
964,0,0,1
9641,0,0,19
9644,0,0,26
9647,0,0,18
965,0,0,3
9650,0,0,7
9651,0,0,2
9653,0,0,1
9654,0,0,1
9655,0,0,8
9656,0,0,7
9659,0,0,8
9661,0,0,5
9662,0,0,1
9665,0,0,1
9667,0,0,1
9670,0,0,12
9676,0,0,2
9677,0,0,2
9680,0,0,1
9681,0,0,4
9682,0,0,35
9683,0,0,2
9685,0,0,4
9686,0,0,2
9692,0,0,11
9695,0,0,7
9696,0,0,6
9698,0,0,4
9699,0,0,4
97,0,0,2
9701,0,0,6
9705,0,0,2
9707,0,0,11
9713,0,0,2
9716,0,0,35
9717,0,0,6
9722,0,0,19
9725,0,0,32
9726,0,0,1
9727,0,0,4
9728,0,0,2
9729,0,0,15
9732,0,0,20
9734,0,0,2
9738,0,0,62
9739,0,0,3
9740,0,0,9
9742,0,0,2
9743,0,0,2
9746,0,0,4
9747,0,0,1
9750,0,0,6
9752,0,0,8
9754,0,0,1
9755,0,0,19
9756,0,0,1
9758,0,0,40
9759,0,0,1
9761,0,0,1
9764,0,0,14
9767,0,0,8
9770,0,0,21
9773,0,0,5
9776,0,0,5
9777,0,0,1
9779,0,0,2
9780,0,0,5
9785,0,0,3
979,0,0,8
9791,0,0,1
9794,0,0,1
9797,0,0,6
980,0,0,25
9800,0,0,2
9801,0,0,14
9803,0,0,8
9804,0,0,76
9806,0,0,4
9809,0,0,3
9812,0,0,10
9813,0,0,2
9815,0,0,15
9818,0,0,5
982,0,0,1
9821,0,0,8
9822,0,0,3
9824,0,0,7
9827,0,0,15
983,0,0,1
9830,0,0,3
9833,0,0,21
9836,0,0,3
9839,0,0,3
9841,0,0,2
9842,0,0,2
9843,0,0,3
9844,0,0,3
9845,0,0,33
9848,0,0,8
9851,0,0,4
9852,0,0,1
9853,0,0,7
9854,0,0,31
9856,0,0,90
9857,0,0,1
9860,0,0,18
9861,0,0,53
9862,0,0,1
9865,0,0,3
9869,0,0,5
9872,0,0,6
9873,0,0,1
9875,0,0,12
9878,0,0,3
9881,0,0,3
9887,0,0,2
9891,0,0,1
9894,0,0,2
9896,0,0,27
9899,0,0,21
990,0,0,9
9902,0,0,1
9908,0,0,1
9909,0,0,4
9914,0,0,1
9917,0,0,1
9920,0,0,3
9921,0,0,22
9922,0,0,3
9923,0,0,2
9926,0,0,2
9929,0,0,3
9932,0,0,92
9935,0,0,2
9938,0,0,1
994,0,0,2
9944,0,0,3
9947,0,0,25
9948,0,0,46
9950,0,0,69
9956,0,0,6
9957,0,0,5
9959,0,0,2
9960,0,0,3
9962,0,0,5
9965,0,0,4
9966,0,0,87
9967,0,0,2
9968,0,0,24
9971,0,0,6
9972,0,0,13
9974,0,0,3
9977,0,0,15
998,0,0,4
9980,0,0,4
9983,0,0,7
9986,0,0,8
9989,0,0,3
9991,0,0,2
9992,0,0,10
