Origin,Revised
A+152,A_T152C
A+152+16362,A_T152C_T16362C
A+152+16362+16189,A_T152C_T16362C_T16189C
A+152+16362+200,A_T152C_T16362C_A200G
A11+16234,A11_C16234T
A2+(64),A2_C64T
A2+(64)+@153,A2_C64T_G153A!
A2+(64)+@16111,A2_C64T_T16111C!
A2+(64)+16129,A2_C64T_G16129A!
A2+(64)+16189,A2_C64T_T16189C!
A2v1+152,A2v1_T152C!!!
B2+16278,B2_C16278T!
B2b+152,B2b_T152C!
B4+16261,B4_C16261T
B4a1+16311,B4a1_T16311C
B4a1a1+151,B4a1a1_C151T
B4a1a1+152,B4a1a1_T152C!
B4a1a1+16126,B4a1a1_T16126C
B4a1a1a+195,B4a1a1a_T195C!
B4a1c+146,B4a1c_T146C!
B4b1a+207,B4b1a_G207A
B4c1b+16335,B4c1b_A16335G
B4c1c+16311,B4c1c_T16311C!
B5a2a1+16129,B5a2a1_G16129A
B5b2+@204,B5b2_C204T
C1b+16311,C1b_T16311C!
C1c+195,C1c_T195C!
C1d+194,C1d_C194T
C4+152,C4_T152C!
C4+152+16093,C4_T152C!_T16093C
C4a1a+195,C4a1a1_T195C!
C5+16093,C5_T16093C
C5c+16234,C5c_C16234T
C7+16051,C7_A16051G
D+16189,D_T16189C!
D1f+16189,D1f_T16189C!
D1g+16189,D1g_T16189C!
D4+195,D4_T195C!
D4a+16294,D4h3a_C152T!!
D4b2b1+146,D4b2b1_T146C!
D4h3a+@152,D4h3a_C152T!!
D4j+(16286),D4j_C16286T
D4j+146,D4j_T146C
D4j+16311,D4j_T16311C
D5a2a+16092,D5a2a_T16092C
D5a2a1+@16172,D5a2a1_C16172T
D5c+16311,D5c_T16311C
E1a2+(16261),E1a2_C16261T
F1+16189,F1_T16189C!
F1a3+16311,F1a3_T16311C
F1b1+@152,F1b1_C152T
F2+16291,F2_C16291T
F2+195,F2_T195C!
F2a+@16291,F2a_T16291C
F3a+207,F3a_G207A
F3b+152,F3b_T152C
F3b1a+16093,F3b1a_T16093C
G1b+16129,G1b_G16129A
G2a+152,G2a_T152C
G2a1+16189,G2a1_T16189C!
G2a1+16189+16194,G2a1_T16189C_A16194G
G3a2+152,G3a2_T152C
H+13708,H_G13708A
H+152,H_T152C
H+16129,H_G16129A
H+16291,H_C16291T
H+195,H_T195C
H+195+146,H_T195C_T146C!
H+73,HV_A73G!
H1+152,H1_T152C!
H1+16189,H_T16189C!
H1+16239,H1_C16239T
H1+16278,H1_C16278T!
H1+16311,H1_T16311C!
H1+16355,H1_C16355T
H10+(16093),H10_T16093C
H11a+152,H11a_T152C!
H13a1+152,H13a1_T152C!
H13a1a2+16311,H13a1a2_T16311C
H13b1+200,H13b1_A200G
H14a+146,H14a_T146C!
H16+152,H16_T152C!
H1b1+16362,H1b1_T16362C
H1c+152,H1c_T152C!
H1c1+16093,H1c1_T16093C
H1e+16129,H1e_G16129A!
H1e1a+16278,H1e1a_C16278T!
H1f+16093,H1f_T16093C
H1n+146,H1n_T146C!
H1n+146+195,H1n_T146C!
H27+16093,H27_T16093C
H2a+152+16311,H2_T152C_T16311C
H2a1+146,H2a1_T146C!
H2a2a+(16235),H2a2_A16235G
H3+152,H3_T152C!
H3+16189,H3_T16189C!
H3+16311,H3_T16311C!
H3+73,H3_A73G!
H3b+16129,H3b_G16129A!
H3v+16093,H3v_T16093C
H4a1a+195,H4a1a_T195C!
H5+16192,H5'36_C16192T
H5+16311,H5'36_T16311C!
H5+709,H5'36_G709A
H55+153,H55_A153G
H5a+152,H5a_T152C
H5a1+152,H5a1_T152C!
H5a1+16093,H5a1_T16093C
H5a3a+152,H5a3a_T152C!
H8+(114),H8_C114T
H8+(114)+152,H8_C114T_T152C!
HV+16311,HV_T16311C!
HV0+195,HV0_T195C!
HV1b+152,HV1b_T152C!
HV4a1+16291,HV4a1_C16291T
HV9+152,HV9_T152C!
I5a2+16086,I5a2_T16086C
J1+16193,J1_C16193T
J1b1a1+146,J1b1a1_T146C!
J1c+16261,J1c_C16261T
J1c+16261+189,J1c_C16261T_A189G
J1c3+189,J1c3_A189G
J2a2a1+16311,J2a2a1_T16311C!
J2b1a+16311,J2b1a_T16311C!
K1+16362,K1_T16362C
K1a+150,K1a_C150T
K1a+195,K1a_T195C!
K1a4+146,K1a4_T146C!
K1a4a1a+195,K1a4a1a_T195C!
K1b1+(16093),K1b1_T16093C
K1b1a1+199,K1b1a1_T199C
L0a1+16293,L0a1_A16293G
L0a1a+200,L0a1a_A200G
L0d1b1+@152,L0d1b1_C152T
L1b1a+189,L1b1a_A189G
L1c1a+@198,L1c1a_T198C!
L2'3'4'6+,L2'3'4'6+
L2a1+143,L2a1_G143A
L2a1+143+@16309,L2a1_G143A
L2a1+143+16189+(16192),L2a1_G143A_T16189C!(C16192T)
L2a1+143+16189+(16192)+@16309,L2a1_G143A_T16189C!(C16192T)_G16309A!
L2a1+16189+(16192),L2a1_T16189C!(C16192T)
L2a1b+143,L2a1b_G143A
L2a1c+16086,L2a1c+16086
L2a1c+16129,L2a1c_G16129A!
L2d+16129,L2d_G16129A!
L3a+709,L3a_G709A
L3b1a+@16124,L3b1a_C16124T!
L3b1a+152,L3b1a_T152C!
L3e2b+152,L3e2b_T152C!
L3e5+195,L3e5_T195C!
L3f1b+16292,L3f1b_C16292T
L3f1b+16292+150,L3f1b_C16292T_C150T
L3x1+16311,L3x1_T16311C!
M10a1+16129,M10a1_G16129A
M11+200,M11_A200G
M13'46'61+16362,M13'46'61_T16362C
M1a1+16093,M1a1_T16093C
M21b+210,M21b_A210G
M28a+204,M28a_T204C
M2a1a+207,M2a1a_G207A
M2a1a3+16093,M2a1a3_T16093C
M30+16234,M30_C16234T
M33+16362,M33_T16362C
M35+199,M35b_T16304C
M35b+16304,M35b_T16304C
M37+152,M37_T152C!
M37+152+151,M37_T152C!_C151T
M38+195,M38_T195C!
M38+199,M38_T199C
M3a1+204,M3a1_T204C
M3c+152,M3c_T152C!
M43+16311,M43_T16311C!
M4'67+16311,M4'67_T16311C!
M57+152,M57_T152C!
M62b+204,M62b_T204C
M65a+@16311,M65a_C16311T!!
M71+151,M71_C151T
M7a+16324,M7a_T16324C
M7b1a1+(16192),M7b1a1_C16192T
M8a2+152,M8a2_T152C
M9a1b+150,M9a1b_C150T
N1a1a+152,N1a1a_T152C!
N1b1a+16129,N1b1a_G16129A!
N1b1a+195,N1b1a_T195C!
N21+195,N21_T195C!
N9a10+16311,N9a10_T16311C
P+16176,P_C16176T
P1+152,P1_T152C!
Q1+@16223,Q1_T16223C
Q3a+61+62,Q3a_C61T_G62A
R+16189,R_T16189C!
R0a+60.1T,R0a_60.1T
R0a1+152,R0a1_T152C!
R0a2+195,R0a2_T195C!
R2+13500,R2_T13500C
R2+13500+195,R2_T13500C_T195C!
R6+16129,R6_G16129A!
R8a1+16093,R8a1_T16093C
S+152,S_T152C!
T1a+152,T1a_T152C
T1a1+@152,T1a1_C152T!!
T2+150,T2_C150T
T2+16189,T2_T16189C!
T2a+195,T2a_T195C!
T2b+150,T2b_C150T
T2b+152,T2b_T152C!
T2b+16362,T2b_T16362C
T2b3+151,T2b3_C151T
T2b4+152,T2b4_T152C
T2b6+146,T2b6_T146C!
T2c1+146,T2c1_T146C!
T2c1d+152,T2c1d_T152C
T2e+152,T2e_T152C!
U1a1a+16129,U1a1a_G16129A!
U2+152,U2_T152C!
U4b1+146+152,U4b1_T146C!_T152C!
U4b1b1+16311,U4b1b1_T16311C!
U5a1+@16192,U5a1_T16192C
U5a1a1+152,U5a1a1_T152C
U5a1a1+16362,U5a1a1_T16362C
U5a1b+16362,U5a1b_T16362C
U5a1b1d+16093,U5a1b1d_T16093C
U5a2+16294,U5a2_C16294T
U5a2+16362,U5a2_T16362C
U5a2a1+152,U5a2a1_T152C!
U5b1+16189,U5b1_T16189C!
U5b1+16189+@16192,U5b1_T16189C!_T16192C!
U5b1b1+@16192,U5b1b1_T16192C
U5b1b1+152,U5b1b1_T152C!
U5b2a+@16192,U5b2a_T16192C!
U5b2a1a+16311,U5b2a1a_T16311C
U6a+16189,U6a_T16189C!
U6a+16189+(103),U6a_T16189C!_G103A
U6a2+195,U6a2_T195C!
U6a3+185,U6a3_G185A
U6a7a1+@152,U6a7a1_C152T!!
U6a'b'd+16311,U6a'b'd_T16311C!
U8b1a2+16311,U8b1a2_T16311C!
V+@16298,V_C16298T!
V+@72,V_C72T!
V+150,V_C150T
W+194,W_C194T
W1+119,W1_T119C
W3a1+199,W3a1_T199C
X2+225,X2_G225A
X2+225+@153,X2_G225A_G153A!
X2+225+@16223,X2_G225A_T16223C
X2b+226,X2b_T226C
X2b+226+16192,X2b_T226C_C16192T
X2i+@225,X2i_A225G!
Y1a+16189,Y1a_T16189C!
Z+152,Z_T152C
Z3+709,Z3_G709A
R_T16189C,R_T16189C!
HV_T16311C,HV_T16311C!
F1_T16189C,F1_T16189C!
C4_T152C,C4_T152C!
C4_T152C_T16093C,C4_T152C!_T16093C
G2a1_T16189C,G2a1_T16189C!
B4a1c_T146C,B4a1c_T146C!
D4_T195C,D4_T195C!
B4c1c_T16311C,B4c1c_T16311C!
M4"67_T16311C,M4'67_T16311C!
D_T16189C,D_T16189C!
F2_T195C,F2_T195C!
M4"67,M4'67
J1b1a1_T146C,J1b1a1_T146C!
M35_T199C,M35_T199C!
H1_T16189C,H_T16189C!
C4_T152C!_T16093C!,C4_T152C!_T16093C
H1_T16189C!,H_T16189C!
H2a+152  16311,H2_T152C_T16311C
Q3a+61  62,Q3a_C61T_G62A
L2a1+143+16189  (16192)+@16309,L2a1_G143A_T16189C!(C16192T)_G16309A!
L2a1c+16086,L2a1c_T16086C
U4b1+146  152,U4b1_T146C!_T152C!
L2'3'4'6+,L2'3'4'6
L2a1+16189  (16192),L2a1_T16189C!(C16192T)
L2a1+143+16189  (16192),L2a1_G143A_T16189C!(C16192T)
H2_T152C__T16311C,H2_T152C_T16311C
C1b_T16311C,C1b_T16311C!
A11a1,A11a
A11a1a,A11a
A11a1a1,A11a
A11a1a3,A11a
A11a1a4,A11a
A11a2,A11a
A14a,A14
A14a1,A14
A14b1,A14
A15a1,A15a
A15c2,A15a
A17a2,A17
A21a,A21
A21b,A21
A21b1,A21
A21b1a,A21
A21c,A21
B5b2a1a,B5b2a1
B5b2a1b,B5b2a1
C4a1'5,C4a1
C4a1a1a1,C4a1a1a
C4a1a1a2,C4a1a1a
C4a1a1a3,C4a1a1a
C4a1c,C4a1
C4a2c3,C4a2c
C4a3b,C4a
C4a4,C4a
C4a5,C4a
C4d2,C4d
D4b2b10,D4b2b
D4b2b8,D4b2b
D4b2b9,D4b2b
D4g2a1c1,D4g2a1c
D4h1c2a,D4h1c
D4h1c2a1,D4h1c
D4j1a1c,D4j1a1
D4j1a1d,D4j1a1
D4j1a1d1,D4j1a1
D4j1a1e,D4j1a1
D4j1a1f,D4j1a1
D4j3b,D4j3
D4j3b1,D4j3
D4s1a,D4s
D5a2a1c,D5a2a1
D5a2a1d,D5a2a1
F1c1a1a1,F1c1a1a
F1c1a1a2,F1c1a1a
F1c1a1a3,F1c1a1a
F1d1a1,F1d1
F1d1a2,F1d1
F1d1a2a,F1d1
F1d1a2a1,F1d1
F1g2,F1g
F2g1a,F1g
G2a1h1,G2a1h
G2a1h1a,G2a1h
G2a1i,G2a1
G2b1b1,G2b1b
G2b1b2,G2b1b
G2b1b2a,G2b1b
G3a1a1,G3a1a
G3a1a1a,G3a1a
G3a1a2,G3a1a
G3b1a,G3b1
G3b1a1,G3b1
G3b3,G3b
G3b3a,G3b
M11a2a,M11a2
M11a2a1,M11a2
M11a2a1a,M11a2
M13a2a1a,M11a2
M13a2a1b,M11a2
M13a2a1c,M11a2
M13a2a1d,M11a2
M13a2a1e,M11a2
M62a1,M62a
M62a1a,M62a
M62a1a1,M62a
M62b1a1a,M62b1a1
M62b1a1b,M62b1a1
M62b1a1b1,M62b1a1
M62b1b,M62b1
M62b1b1,M62b1
M62b2a,M62b2
M9a1a1c1b1a11,M9a1a1c1b1a
M9a1a1c1b1a12,M9a1a1c1b1a
M9a1a1c1b1a13,M9a1a1c1b1a
M9a1a1c1b1a14,M9a1a1c1b1a
M9a1a1c1b1a3,M9a1a1c1b1a
M9a1a1c1b1a4,M9a1a1c1b1a
M9a1a1c1b1a5,M9a1a1c1b1a
M9a1a1c1b1a6,M9a1a1c1b1a
M9a1a1c1b1a7,M9a1a1c1b1a
M9a1a1c1b1a8,M9a1a1c1b1a
M9a1a2a1a,M9a1a2
M9a1a2a1b,M9a1a2
M9a1a2a1b1,M9a1a2
M9a1b1d,M9a1b1
M9a1b1e,M9a1b1
N9a2'4'5,N9a2'4'5'11
R31?,R31
M62b1b,M62b1
