ID	Haplogroup
1000753	C5a1
1002448	D4c1
111-1414-1183	A+152+16362
111-1414-2845	A14
111-1439-3919	B4b1a2
111-1687-1750	B5a1c1a1
111-1692-1400	C5a1
111-1728-0247	M7c1
111-1733-1918	G2a1
111-1756-3920	A15a
111-1770-9816	A15a
111-1792-2017	A+152+16362+200
111-1842-8488	D4b2b2
111-1843-5561	F1a1
111-1843-8425	R9b1a3
111-1845-4500	D4b2b2
111-1850-9484	F1c1a2
111-1855-6518	H27a
111-1864-2419	C7a
111-1864-9081	M3a2
111-1883-5255	D6a1a
111-1890-6153	D4o
111-1894-3943	D4g2a1
111-1894-4872	M12a1a1
111-1896-1176	M12a1a1
111-1896-8243	A5b1b
111-1897-8990	F2c1
111-1899-1883	F1b1+@152
111-1899-5690	R11
111-1899-9094	D4i
111-1901-1252	M7b1a1a1c
111-1901-3232	B5b
111-1901-3508	R+16189
111-1901-4338	R
111-1901-4871	H2b
111-1901-6530	D4b2b2
111-1901-9296	R9b1a2b
111-1902-0322	D4a3b
111-1902-1565	M61a
111-1902-4818	B4c1b2
111-1902-6393	M10a1b
111-1902-7390	D4j3
111-1902-7581	R+16189
111-1902-9370	D5b1b
111-1903-0062	R9b1a3
111-1903-1281	H15b1
111-1903-2738	Z3
111-1903-4107	N11a1
111-1903-5364	G2a1+16189
111-1903-6088	M7b1a1h
111-1903-7993	N9a10
111-1903-8235	R30
111-1903-9942	R+16189
111-1904-1341	F1a3b
111-1904-1587	B5a2a2
111-1904-1792	G3a2
111-1904-3192	A5b1b
111-1904-3390	N9a5
111-1904-5219	Z4a
111-1904-7466	F4a1a
111-1904-9149	D5a2a+16092
111-1905-0466	G3a2
111-1905-3450	R30
111-1905-4617	M7c2
111-1905-6710	N9a2d
111-1905-7403	F1a1
111-1905-7502	D4
111-1905-7779	M7b1a1f
111-1905-8721	B4a1c1a1
111-1905-8912	A5a1a1
111-1905-9629	B5b2b
111-1906-1424	M7c1b2b
111-1906-2216	M9a4a1
111-1906-2346	A8a
111-1906-2698	D4h1
111-1906-4395	A5a
111-1906-4647	D4b2b
111-1906-5507	M8a3
111-1906-6276	F2d
111-1906-9536	D4a1
111-1907-0099	T2c
111-1907-0907	M9a1a
111-1907-2765	D5a2a1
111-1907-3083	D4e1
111-1907-3618	D4e1a
111-1907-6268	D4j15
111-1907-9641	N9a2
111-1908-2580	D4e1a3
111-1908-5079	D4c2b
111-1908-6175	A18
111-1908-6274	G3a2
111-1908-7264	M7b1a1+(16192)
111-1908-8155	A5b1b
111-1908-8308	C4a1a
111-1908-8544	D5b1d
111-1908-9060	B5a2a2
111-1908-9282	F1d
111-1908-9831	C4a2a1
111-1909-1605	A15a
111-1909-4156	D5b1b
111-1909-4866	N9a2
111-1909-6266	N9a3
111-1909-7201	B4c1b2a
111-1909-8345	D4e3
111-1909-8482	F1a2
111-1909-8499	B4a1c3a
111-1909-9687	F2c1
111-1910-1311	A13
111-1910-2677	B5b1
111-1910-3568	G1a
111-1910-4091	B4b1a2a
111-1910-4510	F2c1
111-1910-6972	B4b1a2a
111-1910-7887	D5c2
111-1911-0412	D4e1a
111-1911-1068	A3
111-1911-1396	D4+195
111-1911-1594	Z4a1
111-1911-2232	M33c
111-1911-2348	D4b2b2
111-1911-2607	HV14a
111-1911-2836	N9a10b
111-1911-2904	D4
111-1911-2928	A+152+16362
111-1911-2980	A15
111-1911-3208	M10a1a1b1
111-1911-4953	D4g2a1
111-1911-5172	F1a1c
111-1911-5202	A+152+16362+200
111-1911-5677	F4a1a
111-1911-5998	D4j+16311
111-1911-6162	F3a1
111-1911-6674	D4j
111-1911-7015	A+152+16362
111-1911-7176	B4b1a2a
111-1911-8319	M7c1a3
111-1911-8821	B4c1b2a
111-1911-8852	M10a1a
111-1911-8982	D5a2a+16092
111-1911-9187	R2d
111-1912-0077	D4h1c
111-1912-0749	D4g2a1
111-1912-0930	Y1
111-1912-1142	F1a
111-1912-1166	D5a2a
111-1912-1180	A5
111-1912-1265	G2a2
111-1912-1272	D4
111-1912-1432	G1c2
111-1912-1708	D5a2a1b
111-1912-1821	N9a2
111-1912-1920	M7c1a3
111-1912-2620	D4b1b1
111-1912-2781	B5b1a
111-1912-2859	D4c1b1
111-1912-2996	D4a
111-1912-3603	M9a1b1
111-1912-3634	F2
111-1912-3702	C7a
111-1912-5317	T1a1
111-1912-6109	D4b1a
111-1912-6208	H3
111-1912-6482	R9b1a3
111-1912-6680	M7b1a1f
111-1912-7311	B5b3a
111-1912-7519	N9a9
111-1912-8455	B5a1c1a1
111-1912-8769	R+16189
111-1912-9087	B4b1a
111-1912-9162	D5a2a1
111-1912-9315	A18
111-1912-9414	M10a1a1b1
111-1912-9742	M7c1
111-1913-0526	M8a2b
111-1913-0731	D5a2a1
111-1913-0816	D4a7
111-1913-0946	G2a1g
111-1913-1141	B4a1c3b
111-1913-1387	M11b1a1
111-1913-1516	M8a2+152
111-1913-1622	N9a1
111-1913-1684	A14
111-1913-1776	M
111-1913-2438	D4m2a
111-1913-2650	M8a3a
111-1913-2674	D5a3
111-1913-2896	B5a1a
111-1913-3558	R9b1
111-1913-3961	D4a3b
111-1913-3992	B4a4
111-1913-4104	M10a1a1b
111-1913-4319	N9a1
111-1913-5583	M11b
111-1913-6016	Y1
111-1913-6023	B5b2b
111-1913-6030	G1
111-1913-6399	M12a1b
111-1913-6849	M7b1a1b
111-1913-7075	B5b4
111-1913-8577	M11a2
111-1913-8768	R9c1a
111-1913-8836	G1a1a4
111-1913-8843	G1a2
111-1913-8966	A+152+16362
111-1913-9710	W3a1
111-1913-9857	G3a1a
111-1913-9994	R+16189
111-1914-0341	U4b1a1a1
111-1914-0860	F2a1
111-1914-1003	M7c1a3
111-1914-1546	D5c1a
111-1914-1898	G2a5
111-1914-2208	B5b2
111-1914-2482	D4e1a
111-1914-2796	M9a1a1c1a
111-1914-2840	Z3
111-1914-2956	Y1b1
111-1914-3014	B4a1c1a
111-1914-3878	D5b1b
111-1914-3946	F1a1
111-1914-4615	M9a1b1
111-1914-5223	Y1
111-1914-5339	B4c1c
111-1914-6503	D4b2b6
111-1914-7333	T1a1
111-1914-7784	D4
111-1914-7852	D4a
111-1914-7906	M9a1b+150
111-1914-8019	F1g
111-1914-8026	B4a4
111-1914-8408	B4b1b
111-1914-8675	M8a2b
111-1914-8996	N9a3
111-1914-9177	B4c1b2
111-1914-9283	R
111-1914-9290	C7a1c
111-1915-0241	U2e1'2'3
111-1915-0531	A5a1a1
111-1915-0951	M7b1a1h
111-1915-1361	M9a1a1
111-1915-1989	M8a3a
111-1915-2368	D4
111-1915-2726	I1b
111-1915-2818	C7a1c
111-1915-2863	A6b
111-1915-2870	A5c
111-1915-2900	M7c1c2
111-1915-2962	F2c1
111-1915-3167	M7c1a
111-1915-3204	B5a2
111-1915-3570	D4f
111-1915-4263	M7b1a1e1
111-1915-4317	B4a1c4
111-1915-4539	D4c2b
111-1915-5086	B5b2c
111-1915-5192	C7a
111-1915-5420	D4e3
111-1915-6113	N9a4b
111-1915-6366	D4g2b
111-1915-6687	D5b1b
111-1915-7073	D4b2b2b
111-1915-7363	D4k
111-1915-8315	D4e1
111-1915-8513	F1a
111-1915-8865	M7b1a1
111-1915-8889	R9b1a2a
111-1915-9091	F2a1
111-1915-9251	D4a5
111-1915-9909	U7a4
111-1916-1353	M7b1a1a3
111-1916-1377	R+16189
111-1916-2589	Z3
111-1916-3036	B5a1a
111-1916-3548	R30
111-1916-4446	D5b4
111-1916-4873	F1a1a1
111-1916-5412	B5a1c
111-1916-5443	D5a2a1
111-1916-6006	F1c1a1
111-1916-6082	D5a3
111-1916-6297	F1a1d
111-1916-6532	M11b1
111-1916-6839	B4a4
111-1916-7188	G2a1
111-1916-7386	B4b1a3
111-1916-7553	M7b1a1a3
111-1916-7683	N9a
111-1916-7768	M8a2b
111-1916-7881	D4a1
111-1916-8147	G2b2
111-1916-8222	F1b1c
111-1916-8741	D4h1d
111-1916-9335	D4b2b1
111-1916-9373	M7b1a1a1
111-1916-9779	F1d
111-1917-0904	R11b
111-1917-1086	B4b1a2a
111-1917-1574	G2a1
111-1917-1833	M7b1a1a1
111-1917-2052	M7b1a1f
111-1917-2137	N1a1a1a1
111-1917-2175	B4b1c2
111-1917-2182	D4g2a1
111-1917-2243	G2b1a
111-1917-3363	B4a1c1a
111-1917-3530	F1a3
111-1917-3707	B4a1c4
111-1917-3714	Z4a1a
111-1917-4018	D4e2
111-1917-4391	F1a1c
111-1917-4612	A17
111-1917-4759	A+152+16362
111-1917-5282	B4c1b2c2
111-1917-5749	G1a1a
111-1917-6005	B5a1a
111-1917-6029	N9a9
111-1917-6449	D4a
111-1917-6616	D5a2a1+@16172
111-1917-6814	H1b1a
111-1917-6883	F3b+152
111-1917-6951	R+16189
111-1917-7347	F1e3
111-1917-8986	D5a2a1
111-1917-9112	F2d
111-1917-9440	B4b1a2
111-1918-0842	B4c1b2c2
111-1918-1122	D4a
111-1918-1238	M8a3a1
111-1918-1641	H5a1+152
111-1918-1863	M8a2b
111-1918-2143	A15
111-1918-2440	D4a3a1
111-1918-2655	D4b2b4
111-1918-3249	M7b1a1f
111-1918-3492	D5a2a1
111-1918-3508	A+152+16362
111-1918-3775	B5a1d
111-1918-3904	D4a
111-1918-4369	D4b2
111-1918-4536	M7b1a1a3
111-1918-4581	F1b1c
111-1918-5625	J1b1a1
111-1918-5823	M7b1a1
111-1918-6035	D4j15
111-1918-6622	D4i
111-1918-7360	M7c1c2
111-1918-7971	D5a2a2
111-1918-8008	J1b1a1
111-1918-8206	F1b1c
111-1918-8404	B4b1a2a
111-1918-8534	N9a1
111-1918-8824	H13a1d
111-1918-8923	N9a1
111-1918-9012	D4b2b
111-1918-9647	B4a5
111-1918-9913	D4
111-1919-0292	G1c
111-1919-0339	Y1
111-1919-0858	Z3c
111-1919-0926	M9a1a
111-1919-1299	G2a1
111-1919-1855	B5b1a
111-1919-2432	A13
111-1919-3088	F1a3b
111-1919-3149	D4
111-1919-3309	M7b1a1b
111-1919-3323	Y1b1
111-1919-3354	F1a1d
111-1919-3750	B5a1c1a
111-1919-4696	Z3d
111-1919-5334	D4a5
111-1919-5365	D4k
111-1919-5815	G2b2
111-1919-6164	R9b2
111-1919-6171	N9a9
111-1919-6690	F1a1d
111-1919-7505	M8a2+152
111-1919-8830	B4b1c2
111-1919-8991	G1a1
111-1919-9202	M7b1a1a3
111-1919-9431	F2b1
111-1919-9554	N9a2'4'5'11
111-1919-9646	A+152+16362
111-1919-9981	D4
111-1920-0281	G2a1
111-1920-0571	D5b1c1a
111-1920-0670	G1a1a
111-1920-1127	B5a1c
111-1920-1219	B5b2+@204
111-1920-2292	Y2
111-1920-2315	M12a1a
111-1920-2636	C7a
111-1920-2667	M8a2b
111-1920-2803	D4a
111-1920-2858	Z+152
111-1920-3244	A17
111-1920-3756	M9a1b1
111-1920-4173	M7b1a1a3
111-1920-4401	N1a1a1a1
111-1920-4418	D4g2a1
111-1920-4593	G2b2
111-1920-4616	Z3a
111-1920-4722	M12a1a
111-1920-5446	Y1a
111-1920-5460	R
111-1920-5477	D4j15
111-1920-5668	R11'B6
111-1920-5781	M11a2
111-1920-6535	R9b1a3
111-1920-6580	D4b2b
111-1920-6795	D4j3
111-1920-6931	F1b1+@152
111-1920-7266	A+152+16362
111-1920-7334	M7c1a
111-1920-7501	M7b1a1a3
111-1920-7679	F1g
111-1920-8140	B4c1b2c1
111-1920-8256	A17
111-1920-9833	F1a1c3
111-1921-0273	N9a2
111-1921-0396	M9a1b1c
111-1921-0556	R+16189
111-1921-1126	M7c1
111-1921-1980	D4a3b
111-1921-2260	F1b1c
111-1921-2284	G2b2
111-1921-2499	D5a2a
111-1921-2833	F1d
111-1921-3656	D4a3b
111-1921-4257	C4a2
111-1921-4370	D4e1a1
111-1921-4509	F2c
111-1921-4677	M7b1a1b
111-1921-5643	Z4
111-1921-5735	A17
111-1921-6084	B4b1c2
111-1921-6183	G3a2
111-1921-6329	N9a2a
111-1921-6367	Z3a
111-1921-6466	B5a1a
111-1921-6985	F1a3b
111-1921-7012	M9a1a
111-1921-7203	C1a
111-1921-7289	B4b1a3a
111-1921-7630	D4+195
111-1921-8057	G2a1
111-1921-8248	D4k
111-1921-8385	F1a1a
111-1921-8620	A+152+16362+200
111-1921-9993	F1a1a
111-1922-0012	M7b1a1a3
111-1922-0159	M7c1a1a1
111-1922-0326	A+152+16362
111-1922-0371	C7a
111-1922-0425	D4g2a1
111-1922-1064	G2a+152
111-1922-1507	M7c1c2
111-1922-1705	F2g
111-1922-1897	N9a4b
111-1922-2085	F1a1'4
111-1922-2672	M8a2c
111-1922-2696	C7a1
111-1922-3471	G3a2
111-1922-3600	D4a7
111-1922-3709	F1d
111-1922-4133	M9a1a1c1b1a
111-1922-4300	F1d
111-1922-4331	M7b1a1+(16192)
111-1922-4355	D4j
111-1922-4584	B4c1b2a
111-1922-5123	J2b1a2a
111-1922-5208	T2c1d1
111-1922-5963	R+16189
111-1922-6564	D5b4
111-1922-6717	A15a
111-1922-6724	R11'B6
111-1922-6748	M9a1a1c1
111-1922-6922	M7b1a1a1
111-1922-7219	D5a2a+16092
111-1922-7301	M10a1
111-1922-7493	F2+16291
111-1922-7967	F1f
111-1922-8117	Z3
111-1922-8292	A8a1
111-1922-8506	M7b1a1h
111-1922-8520	B4a5
111-1922-8759	N9a2a
111-1922-8971	B4b1a2a
111-1922-9329	N9a
111-1922-9428	G1a2
111-1922-9480	D5a2a1+@16172
111-1923-0035	B5a1c1a1
111-1923-0219	B4c1b2b
111-1923-0325	F2i
111-1923-0554	C7a1
111-1923-0660	D4b2b2b
111-1923-1018	D4a7
111-1923-1100	B4d1
111-1923-2084	R11b
111-1923-2169	B4a1b1
111-1923-2503	D4a7
111-1923-2602	M9a1a2
111-1923-2725	M71
111-1923-2794	F1a1c
111-1923-3074	N9a1a
111-1923-3579	R9b1a3
111-1923-3630	F1g1
111-1923-4286	D4b2b
111-1923-4729	M7b1a1b
111-1923-5047	G3a2+152
111-1923-5085	F1g1
111-1923-5504	D4s
111-1923-5658	B4c1b2c
111-1923-5740	M7c1a
111-1923-6907	C7b
111-1923-6945	M7b1a1a3
111-1923-6983	R+16189
111-1923-7027	F1a1a
111-1923-7171	B5b1
111-1923-7447	Z4a
111-1923-7959	B4b1c1
111-1923-8086	D4k
111-1923-8468	M7c1
111-1923-8628	M7b1a1b
111-1923-8666	B4b1b
111-1923-9236	R11'B6
111-1923-9304	F3a1
111-1923-9526	C4a1a+195
111-1923-9823	B4g2
111-1924-0676	B4c2c
111-1924-0744	N11a2
111-1924-0874	G2a1c
111-1924-0898	D4k
111-1924-1147	F2g
111-1924-1475	D5b1b
111-1924-1581	D4j3
111-1924-1680	D4b2b
111-1924-2274	M8a2b
111-1924-2779	B4c1c1
111-1924-3059	F1a1
111-1924-3134	F1b1+@152
111-1924-3646	U4b1a4
111-1924-4124	N9a1a
111-1924-4964	D4+195
111-1924-5022	B4c1b2c
111-1924-5466	M7b1a1d
111-1924-5770	D5b1c
111-1924-7415	B4d1
111-1924-8009	C7a1
111-1924-8078	N9a1
111-1924-8658	D4j
111-1924-8719	M7b1a1+(16192)
111-1924-8962	F1a1a
111-1924-9075	M10a1
111-1924-9112	A+152+16362
111-1924-9310	M11b1a1
111-1925-0170	A25
111-1925-0682	D4f1
111-1925-0835	B5a1c1a1
111-1925-1252	D4g2a1
111-1925-1283	B5a1c
111-1925-1368	I1a1a
111-1925-1429	M8a2a1
111-1925-2037	B4b1a2a
111-1925-2266	F1e3
111-1925-2310	A+152+16362+200
111-1925-2815	M8a3
111-1925-2907	N9a2a
111-1925-3638	G2a1f
111-1925-4154	R+16189
111-1925-4468	M10a1
111-1925-5892	Z3a
111-1925-5915	D5a2a
111-1925-6592	A+152+16362+200
111-1925-6646	B4g1a
111-1925-6769	D4b2b
111-1925-6974	D5a2a1+@16172
111-1925-7032	C7
111-1925-7049	A15a
111-1925-7070	C4d
111-1925-7759	M10a1b
111-1925-8008	M10a1b
111-1925-8565	M7b1a1
111-1925-8695	B5b1
111-1925-9463	D5b4
111-1925-9890	M9a1b1
111-1926-0810	D4b2b
111-1926-0988	G1
111-1926-0995	M7c1c3
111-1926-1008	A18
111-1926-1077	F1b1c
111-1926-1268	D5a2a1
111-1926-3514	R11'B6
111-1926-3842	M9a1a1a
111-1926-4092	G1c
111-1926-4511	B4d2
111-1926-4696	B5b1
111-1926-5051	C5a1
111-1926-5259	Y1
111-1926-5280	F2d
111-1926-5426	F2d
111-1926-5556	C4b
111-1926-5952	I1c1a
111-1926-6867	C7a1
111-1926-6874	G2a+152
111-1926-7048	B4a2
111-1926-7499	A15
111-1926-8243	C4a1a2
111-1926-8281	B4a2
111-1926-8533	D4
111-1926-8779	B4b1a2a
111-1926-9189	A5a
111-1926-9196	D4
111-1926-9387	M7b1a1a1
111-1926-9738	D5c1a
111-1927-0352	F1d
111-1927-0680	N9a
111-1927-1250	D4j+16311
111-1927-1311	A14
111-1927-1649	D5a2a
111-1927-1809	F2c
111-1927-2264	M7b1a1b
111-1927-2271	F1a1
111-1927-2424	A17
111-1927-2448	F1a1
111-1927-2462	M9a1a2
111-1927-2820	G1a2
111-1927-2967	D4a
111-1927-3230	G2a1+16189
111-1927-3308	M7c1a5
111-1927-3407	M7b1a1+(16192)
111-1927-3476	A15
111-1927-3568	A15c1
111-1927-3643	M7c1
111-1927-3995	N9a1
111-1927-4312	M7b1a1
111-1927-4435	A+152+16362+200
111-1927-4466	D4
111-1927-4602	R9b1a3
111-1927-4800	M10a1
111-1927-5234	B4b1a2
111-1927-5609	C7
111-1927-5753	A11a
111-1927-5807	D5a2a
111-1927-6163	F1a1a
111-1927-6637	M8a2
111-1927-6941	N9a3
111-1927-7450	M7b1a1+(16192)
111-1927-7672	I1a1a
111-1927-8242	M7b1a1a3
111-1927-8617	D4n2
111-1927-9058	M7b1a1+(16192)
111-1927-9386	D5b3
111-1927-9799	B5a1
111-1927-9911	Z3d
111-1928-0528	A13
111-1928-0962	B4c1b2
111-1928-1020	G2a1
111-1928-1211	F1a2a
111-1928-1495	F1a1a
111-1928-1846	G2a1
111-1928-1969	D4b1d
111-1928-2058	M9a1b1
111-1928-2867	M7b1a1
111-1928-3000	M8a2a1
111-1928-3406	R9c1b1
111-1928-3901	M7c1a
111-1928-6575	F2d
111-1928-7121	D4g2a1
111-1928-7640	B4d3a1
111-1928-8173	F3a+207
111-1928-8265	G2a1d2
111-1928-8319	M11b2
111-1928-8470	G2a1
111-1928-8647	B4c1a
111-1928-8685	D4b1a
111-1928-8777	F2c1
111-1928-8845	M10a1
111-1929-0503	F1a1c
111-1929-0695	D5c2
111-1929-0763	F2a
111-1929-0954	M8a3
111-1929-1975	F1a1c
111-1929-2149	B4c1b2c2
111-1929-2224	F1a3b
111-1929-2491	C7a
111-1929-2842	M7b1a1a3
111-1929-3177	B5b1
111-1929-3405	M7b1a1+(16192)
111-1929-3764	D4j
111-1929-4990	B4a4
111-1929-5010	C4a2a1
111-1929-5157	R
111-1929-5416	A7
111-1929-5911	D4b2b2a
111-1929-6154	N9a
111-1929-6888	M7b1a1b
111-1929-6949	A17
111-1929-7052	D4g2a1
111-1929-7526	A5b1b
111-1929-7618	F1a1c
111-1929-7823	B4b1a3a
111-1929-8530	N9a10
111-1929-8813	M7b1a1+(16192)
111-1929-8837	M9a1b1
111-1929-9131	N9a1
111-1929-9155	B4a1c2
111-1929-9506	D4a7
111-1929-9599	F1e3
111-1929-9797	M11a2
111-1930-0134	D5b1b
111-1930-0622	B5b2
111-1930-0677	B4d1
111-1930-1698	D5a3
111-1930-2206	A6
111-1930-2497	A13
111-1930-3319	A13
111-1930-4255	A+152+16362
111-1930-4286	B4d1a
111-1930-4552	M7b1a1b
111-1930-4644	F1a1'4
111-1930-4705	A5
111-1930-4828	M8a2b
111-1930-5085	D4i1
111-1930-5733	D4b2b2a
111-1930-6914	N9a3
111-1930-7126	M7b1a1
111-1930-7539	D4a7
111-1930-7591	D4g2
111-1930-8000	D4h4
111-1930-8239	M9a1a1c1a
111-1930-8307	C7
111-1930-8413	D4b2b
111-1930-8475	G1c
111-1930-8895	D4a1
111-1930-8925	G2a1
111-1930-9236	Y1b
111-1930-9335	N9a9
111-1931-0843	B4f1
111-1931-0874	F3b
111-1931-1284	F1a1a
111-1931-1321	D2
111-1931-1871	C7a1c
111-1931-2298	F2b1
111-1931-2700	A+152+16362
111-1931-3486	B5b
111-1931-3585	B5b2a
111-1931-4025	B5b2b
111-1931-4865	U5a2a1
111-1931-4872	B5a1a
111-1931-5336	F1a3
111-1931-5718	J1d
111-1931-5725	D5b1d
111-1931-5787	D4j1b
111-1931-6012	B5a1
111-1931-6036	F3b
111-1931-6074	B5b1
111-1931-6555	M11a
111-1931-6661	D4e1a2
111-1931-7460	D4b2b
111-1931-8467	M7b1a1a1
111-1931-8771	D4b2b
111-1932-0026	D5a
111-1932-0170	D4a5
111-1932-0507	F1a
111-1932-1351	D4a3a1
111-1932-1382	G1a1a
111-1932-1740	A11+16234
111-1932-1962	D5a3a1
111-1932-2143	N9a3
111-1932-2532	M10a1a
111-1932-2655	Z3
111-1932-3386	Z4a1a
111-1932-3461	G2a1
111-1932-3515	F1b1e
111-1932-4147	F1a3b
111-1932-4628	F1a3b
111-1932-4727	M8a3a1
111-1932-4895	B5b1
111-1932-5052	M8a1
111-1932-5144	C5a1
111-1932-5465	M8a3
111-1932-6226	Z3c
111-1932-6332	B5b
111-1932-6578	G2a1
111-1932-7063	C5d2
111-1932-7094	D5b1b2
111-1932-7568	G2a+152
111-1932-7728	C7a
111-1932-8039	M7b1b
111-1932-8695	B4c1b2c
111-1932-9289	R30
111-1932-9890	D4
111-1933-0636	A14
111-1933-1008	G3a2
111-1933-1213	M7c1a2a
111-1933-2340	D4o1
111-1933-2609	F1a3b
111-1933-3842	A+152+16362+200
111-1933-3934	G2a+152
111-1933-4658	R
111-1933-5273	Z3c
111-1933-5327	B4c1c
111-1933-5860	F1a1c
111-1933-5907	D4h1a2
111-1933-6171	M7c1a1a1
111-1933-6911	G2a1
111-1933-7185	C7a1c
111-1933-7673	Z4a1
111-1933-7789	G1a1
111-1933-8243	B5b2c
111-1933-8458	A15a
111-1933-9950	M7c1
111-1934-1267	D5a2a1
111-1934-1472	G2b1a
111-1934-1694	M7c1c2
111-1934-1793	M10a1a1a
111-1934-2639	A+152+16362
111-1934-3100	H27a
111-1934-3810	D5a
111-1934-5470	D4b2b7
111-1934-5913	A6
111-1934-6248	A25
111-1934-7368	A
111-1934-7382	G1c
111-1934-7634	D5b1b
111-1934-8075	A15
111-1934-8273	F2b1
111-1934-8488	N9a9
111-1934-9102	B5b2c
111-1934-9478	N9a1
111-1934-9515	A13
111-1935-0009	B4c2c
111-1935-0757	B4a1c4
111-1935-1204	A5
111-1935-2249	Z4a
111-1935-2294	M7b1a1
111-1935-3918	D4
111-1935-4298	D5a2a1b
111-1935-5387	D4s
111-1935-5998	D4a
111-1935-6254	B4c1b2a
111-1935-6476	M7a1a
111-1935-6896	D5b1a1
111-1935-6995	M7b1a1a1
111-1935-7138	M10a1b
111-1935-7220	F3b
111-1935-7275	F1a1c
111-1935-7435	N9a1
111-1935-7619	M10a1
111-1935-7657	D5b1b2
111-1935-7725	N9a10+16311
111-1935-7763	F1d1
111-1935-7909	F1b1a1a2
111-1935-8920	B4a5
111-1935-9644	M7b1a1e1
111-1935-9934	M7c1c2
111-1936-0169	F2c
111-1936-0251	Z3c
111-1936-0282	D5a2a1
111-1936-1180	A15a
111-1936-1456	R+16189
111-1936-1968	M8a2a1
111-1936-2187	A+152+16362+16189
111-1936-2798	Z+152
111-1936-3146	B5b
111-1936-3351	B4d1
111-1936-3856	D4b1a
111-1936-4037	C4a2
111-1936-4402	M7b1a1c
111-1936-4587	F2a1
111-1936-4785	F2
111-1936-5102	D4g2a1
111-1936-5935	F1a1
111-1936-6161	F1f
111-1936-6833	M7b1a1e1
111-1936-7298	R9c1b1
111-1936-7366	D4g1
111-1936-7397	C7a
111-1936-7427	A16
111-1936-7755	M10a1a1b
111-1936-7953	R
111-1936-8295	F1a1c
111-1936-8417	D5c2
111-1936-9209	M9a1a1c1a
111-1936-9445	G3a2a
111-1936-9773	G2a4
111-1937-0076	F1a1
111-1937-0229	D4e3
111-1937-0755	B4a1c3b
111-1937-1226	D4h1b
111-1937-2049	D4s
111-1937-2070	D4b2b2
111-1937-2254	D5b3
111-1937-2353	B5a1c1a
111-1937-2407	A15a
111-1937-2513	M7c1
111-1937-2780	A5
111-1937-3435	A+152+16362
111-1937-3695	C7a
111-1937-3770	F1a1
111-1937-3824	M7b1a1a3
111-1937-4258	B4a4
111-1937-4722	D4a1b
111-1937-5286	N9a2a
111-1937-6054	C7a1
111-1937-7099	H4d
111-1937-7914	B4b1b
111-1937-8195	R9b1b
111-1937-8591	D4g2a1
111-1937-8959	M8a3a
111-1937-9925	M7c1a3
111-1937-9970	C
111-1938-0563	B5a1
111-1938-1003	M9a1a1c1a
111-1938-1782	N9a1
111-1938-1867	N21+195
111-1938-2260	A15a
111-1938-2796	D4s
111-1938-3267	Z4a1
111-1938-3434	F3a1
111-1938-4462	F2b1
111-1938-4585	D5b1d
111-1938-4950	C7a1c
111-1938-6237	F4a1a
111-1938-7838	D4g1b
111-1938-8118	B5b1a
111-1938-8521	B4a1c1
111-1938-8569	G2a1
111-1938-9283	M9a1a1c1a
111-1938-9474	D5a2a
111-1938-9900	M7b1a1a1
111-1939-0388	G2a1
111-1939-0760	D4a5
111-1939-0982	B5a1c1a
111-1939-1125	G2a1d2
111-1939-1729	D4j14
111-1939-1958	Z3
111-1939-2191	D4j1a1
111-1939-2504	D5b1c1a
111-1939-3310	F1c1a1
111-1939-3419	B4a5
111-1939-3709	M9b
111-1939-3747	N9a8
111-1939-4447	M8a2+152
111-1939-4690	D4j+16311
111-1939-4881	D4q
111-1939-5147	D5a2
111-1939-5499	B4g2
111-1939-5543	A+152+16362
111-1939-5703	F1e2
111-1939-5741	M7b1a1
111-1939-5833	J2b1d
111-1939-6816	G1
111-1939-8223	A5b1b
111-1939-9343	B4d1
111-1939-9527	D4
111-1939-9671	B4c1b2c2
111-1940-0056	R
111-1940-0599	R9c
111-1940-0735	U7a3b
111-1940-1374	B4b1a1
111-1940-1459	N10a
111-1940-1961	M9a1b1c
111-1940-2142	F1g
111-1940-2784	D4b1b
111-1940-2999	D4a6
111-1940-3651	M9a1b1
111-1940-4863	Z4a1
111-1940-5020	U4b1a4
111-1940-5105	N9a2a
111-1940-6775	D4j+(16286)
111-1940-7628	D4j3
111-1940-7772	D4q
111-1940-7918	B5a1
111-1940-9349	B5b3b
111-1940-9714	B4b1a2a
111-1940-9806	C7a1
111-1941-0093	R9b2
111-1941-0109	B5a1c1a1
111-1941-0611	G2b2
111-1941-3070	F2a1
111-1941-3681	M10a1
111-1941-4107	A+152+16362
111-1941-4299	M71a1a
111-1941-4916	M8a3a
111-1941-4992	F1a
111-1941-6194	A21
111-1941-7085	F1a1
111-1941-7887	D5a2a1b
111-1941-8723	D4j+16311
111-1941-9782	M9a
111-1942-1211	M12a1b
111-1942-1396	A5
111-1942-1501	Y2
111-1942-1563	B4c2
111-1942-5820	B5a1
111-1942-8135	B4b1a3
111-1942-8838	A
111-1943-0251	D5a2a1+@16172
111-1943-0411	D4e1a3
111-1943-0947	M9a1a1d
111-1943-2590	A+152
111-1943-2798	M7b1a1+(16192)
111-1943-3788	C7a
111-1943-5560	D4j1b
111-1943-5959	M11a2
111-1943-7861	R11
111-1944-2636	B4c1b2c1
111-1944-3671	H1e1a
111-1944-7266	B4j
111-1944-7358	G3a2
111-1944-7570	B5a1c1a
111-1944-7655	F3a1
111-1944-7853	B6a
111-1944-8768	D4b
111-1944-9420	B4c1b2c
111-1945-0495	B5a1d
111-1945-1027	M8a3a1
111-1945-2673	D4a
111-1945-4349	D5a2a1b
111-1945-4691	D4a
111-1945-8729	D4j1a1
111-1945-9252	A17
111-1945-9597	B5b2b
111-1946-0463	C7a1
111-1946-3631	B5b1
111-1946-6823	D4a1
111-1946-7080	B4b1b
111-1946-7998	Y2
111-1946-8971	G3a2+152
111-1946-9084	G2a1g
111-1946-9244	B4c1c1
111-1946-9916	R11b
111-1947-0882	F2i
111-1947-0998	F2c1
111-1947-2299	M54
111-1947-4309	D4h1
111-1947-4798	F1a1c
111-1947-7690	M9a1a
111-1947-7799	G2a1
111-1947-8178	N11a1
111-1947-8758	M8a2
111-1947-9731	D4h4
111-1948-0027	M13a1
111-1948-0478	B5a1c
111-1948-1208	G1a1
111-1948-3455	A6
111-1948-3608	F1a1a
111-1948-4728	B5a2a1+16129
111-1948-4919	D5a2a
111-1948-4988	D4f1
111-1948-5077	F1a'c'f
111-1948-5251	A+152+16362
111-1948-5435	B4c1b2
111-1948-6197	B4b1a2a
111-1948-7682	M10a1a1b1
111-1948-8535	N9a8
111-1948-9396	D4a1e
111-1949-0934	G1
111-1949-2181	G1a2
111-1949-2211	F1a
111-1949-2440	M8a3
111-1949-2822	A14
111-1949-3515	H1e1a
111-1949-3911	M7c1
111-1949-4390	D2
111-1949-5144	A5
111-1949-5182	M7b1a1+(16192)
111-1949-5199	M9a1b1
111-1949-5878	M11d
111-1949-6868	H1e1a
111-1949-7483	F1b1+@152
111-1949-8046	D4t
111-1949-8695	D5a3a
111-1950-1876	H4a2
111-1950-3009	N9a1
111-1950-4167	H5a1
111-1950-4891	M7c1
111-1950-4921	F2
111-1950-5430	R11b1
111-1950-8301	M9a1a1c1a
111-1950-9506	F1a1a
111-1950-9582	M7c1a
111-1950-9964	A7
111-1951-0175	F1f
111-1951-0304	D4j8
111-1951-0632	B4c2c
111-1951-1059	A3
11711809196049	F2a1
11881810065229	B5b2a2
13031809291175	M7c1c2
13041809199054	B4a1c2
13681809292691	D4i
13851809199389	F2a1
14121809196060	F2a1
15661809195916	M7b1a1g
16061809198711	M7c1a3
17591809196066	F1e3
18971809195657	D5a
19811809199633	C4a2
20261809291348	F1a1
21281809195614	F2a1
26301809196026	D4a3b2
26721809291177	F2a1
26871809291172	F2a1
27291809199217	D5b4
27431809195987	M9a4a2
27991809182035	D4b2
28281809198649	D4b2b
28841809195660	M59
29821809199019	A15
2BT20080100077	B5b
2BT20080100084	N9a1
2BT20080200019	D4j1a1
2BT20080200027	B4a1c4
2BT20080200029	F1b1c
2W001811580212	F3a1
2W021709222193	B5a1a
2W111811583169	D4e1a3
2W131809208729	M12a1a1
2W151709221358	M12b1a
2W161709222468	C7a
2W161811580220	F1a1a
2W171811582233	F1a1a
2W181811581501	M74a
2W191809208890	G2a1
2W201809194823	F2i
2W221811581507	F1g1
2W261811583155	F1a1a
2W311811580087	C7a
2W321811580207	B5a1c1a
2W331810055158	D4b2b
2W331811580223	B4a5
2W331811581857	F3b+152
2W331811583044	B4a5
2W341811581922	D4e1a3
2W351811580069	D4e1a3
2W351811583947	M74a
2W381811583081	F1a2
2W391709221278	F1c1a2
2W391811580140	B4g2
2W401811580186	B5a1c1a1
2W411810050788	M7b1a1+(16192)
2W411811583093	F1a1a
2W441809191692	M9a1a3
2W501709222338	F1f
2W531811581436	B5a1c1a
2W541709222293	C7a
2W541811580088	R9b1b
2W551810050511	D4a
2W581811580910	N9a10+16311
2W601709240113	B6a
2W611811580279	F1g1
2W611811582625	B5a1c1a
2W621811583057	F1g1
2W651811582234	B5a1c1a1
2W651811583059	B5a1c1a
2W691709221736	G1a2
2W691709222283	M12b1a
2W691811580296	B4c1b2a
2W711810055144	R9b1b
2W731811583317	B5a1c1a1
2W741810055081	D4b2b
2W761811581182	B5a1c1a1
2W771809208723	F2a1
2W771810050819	M10a1a1b
2W791709222232	B5a1a
2W811811581926	R30
2W841811583117	B5a1c1a
2W891811582182	D4e1a3
2W891811583150	B5a1c1a
2W901709222373	F1f
2W911709240519	R9b1
2W918115821350	M7c1a1b
2W941811580115	B4a5
2W961811580512	F1g1
2W981811583094	B5a1c1a
2WC12001020MM1	F1a1
2WC12001020MM2	A5b1b
2WC12001020MM4	R11b
2WC12001020MM6	M7b1a1a3
2WC12001020MM7	B4a5
2WC12001020MM9	A7
2WC1200102KLD1	F4a2
2WC1200102KLD3	M7b1a1d
2WC1200102KLD5	R9b1
2WC1200102KLD7	M7b1a1
2WC1200102MM11	B5a1c1a
2WC1200102MM13	B5a1c1a1
2WC120010KLD12	B4c2c
2WC120010KLD16	R9b1a3
2WC120010KLD22	A5b1b
2WC12001YHT246	R+16189
2WC12001YHT249	D4a3b
2WC12001YHT257	D4
2WC12001YHT273	F1a1a
2WC12001YHT274	M7b1a1+(16192)
2WC12001YHT277	G1a2'3
2WC12001YHT279	F1g1
2WC12001YHT280	R+16189
2WC12001YHT288	D5a2a+16092
2WC12001YHT293	M7b1a1a3
2WJ1190618001M	A15a
2WJ1190618001T	N9a1
2WJ1190618002M	D6c
2WJ1190618003T	A14
2WJ1190618004T	M7c1b2b
2WJ1190618005M	F2
2WJ1190618006T	B4k
2WJ1190618007M	D4g2a1
2WJ1190618008T	M7b1a1+(16192)
2WJ1190618009M	F2b1
2WJ1190618009T	G1a2
2WJ1190618011M	D4a7
2WJ1190618011T	N9a2
2WJ1190618012M	F1a1c
2WJ1190618012T	C4a1a+195
2WJ1190618013M	N9a
2WJ1190618015M	N9a10
2WJ1190618015T	B4b1a2a
2WJ1190618016T	Z4a
2WJ1190618018M	M7b1a1h
2WJ1190618018T	B4c2
2WJ1190618019M	F1a1
2WJ1190618019T	M7b1a1a3
2WJ1190618020T	F2
2WJ1190618021M	A15a
2WJ1190618021T	B4b1a2
2WJ1190618023T	F1a
2WJ1190618025T	A17
2WJ1190618027M	F2a
2WJ1190618027T	F1a3b
2WJ1190618029M	D4b
2WJ1190618030M	D4a
2WJ1190618030T	B4c1c1
30331809199225	F3a1
30651809199114	B5a1b1
31751809291191	M61a
32341809291294	B5a1b1
32831809198949	M7b1a1+(16192)
33361809290783	M7b1a1+(16192)
33671809184403	A11b
35041809181949	F2a1
37881809196107	D4b2b4
39641809182567	D5a2a1
40521809196067	F1b1+@152
43451809199285	M7c2
43791809291206	D4a3b2
44191809198715	M7b1a1a3
44451809196096	B4a1d
44541809195673	M8a2b
46021809291201	D5a2a1
46291809199360	M61a
46781809196093	M11a2
47231809196035	M7b1a1+(16192)
48931809198733	F1a1
49751809182673	B5a1c1a
50151809195695	M11a2
50471809182130	M7b1a1a
51871809291218	F2a1
52101809181941	M7b1a1d1
52191809182126	A+152+16362
52361809199747	A20
53331809291198	D5a2a1
53651809199420	F2a1
53691809195893	D5a2a1
54451809291277	F2a1
55771809182575	Z4a
56411809291292	M7b1a1+(16192)
56981809291262	B4a4
57951809195784	M7b1a1
58451809196063	F2a1
59771809199162	B5a1b1
60021809195476	F2a
60451809199206	F1a'c'f
60561809291130	F2a1
60731809199199	N9a4b
61261809291179	D4
61421809199029	F1a3b
61751809199657	F3a
62511809199155	F1a1d
62991809195668	F2a1
63391809199052	F2a1
64651809199375	F2a1
65411809199072	F1a1
67091809181952	M7b1a1e1
67551809291156	D4g2a1
68681809182544	B5a1
70131809290730	B4a1c4
70151809199768	B5a1
71251809295272	C7
71711809199151	D4
72151809199622	N9a9
72591809198654	B5a2
72921809290888	B4a1d
73201809196053	D5a2a1
73351809291235	M7b1a1+(16192)
74321809199395	M7c2a
75261809190254	M11a2
97611809190428	R9b1a3
A220333	N10b
BA141B	M7b1a1+(16192)
BA669C	R9c1b1
BA679B	R9b1a3
BA709A	D4g2
C275C	M8a2c
C45C	B4c1b2
C63C	M8a2
C640C	A5a
C745C	R+16189
C756C	R11
E100076992_L01_703	C4a2b
E100076992_L01_709	M24b
E100076992_L01_740	D4j1
E100076992_L01_743	M9a1b1
E100076992_L01_747	M9a1b1
E100076992_L01_751	B5a1a
E150012709_L01_750	M24b
E150012709_L01_752	M74b
E150012709_L01_753	M11a2
E150012709_L01_756	M9a1b1
E150012709_L01_760	M24b
EF153821	G1c
EF153822	G1a1a
EF153823	M7c1a2a1
EF153824	A5a5
EF397561	M7c1a5
EU092807	L2a1l1a
EU092890	L2a1a3a
EU092897	L3b1a10
EU092915	L3e1e1
FJ544240	M62b2
FJ748719	N9a10+16311
FJ748728	B4a1+16311
FJ748734	D4l2b
FJ748735	M9a1b1
FJ748737	F1d
FJ748748	G2a1+16189
FJ748749	M13a2
FJ748754	F1c1a1a
FJ748756	G2b1b
FJ968773	M13a2
FJ968775	M9a1a2
G1494	D4j3
G1832	F4a1b
G1879	F1f
G2285	R+16189
GMLA	M7b1a1+(16192)
GQ895143	M9a1b+150
GQ895155	C4d
GQ895161	M62a
GQ895170	C4a2b
GSRD018873A00_BB0_01	B4b1c1
GSRD018937A00_BB0_01	D4a
GSRD018946A00_BB0_01	D4b2b
GSRD018999A00_BB0_01	R+16189
GSRD019083A00_BB0_01	A24
GSRD019113A00_BB0_01	G2a1+16189
GSRD019120A00_BB0_01	M7c1b2b
GSRD019142A00_BB0_01	N9a1
GSRD019483A00_BB0_01	D4g2a1c
GSRD019574A00_BB0_01	Y2
GSRD019585A00_BB0_01	U4b
GSRD019608A00_BB0_01	M7b1a1a3
GSRD019609A00_BB0_01	F1b1e
GSRD019629A00_BB0_01	A+152+16362
GSRD019670A00_BB0_01	F1c1a1
GSRD019691A00_BB0_01	D4b2b2b
GSRD019863A00_BB1_01	M10a1b
GSRD019881A00_BB1_01	G3b1
GSRD019884A00_BB1_01	G1a2
GSRD019885A00_BB1_01	D4b2b
GSRD019896A00_BB1_01	M9a1a1c1b1a
GSRD019914A00_BB1_01	M9a1a1c1b1a
GSRD019922A00_BB1_01	M9a1b1
GSRD019929A00_BB1_01	F1g
GSRD019937A00_BB1_01	D4j3
GSRD019944A00_BB1_01	F1d1
GSRD019945A00_BB1_02	M9a1a1c1b1a
GSRD019958A00_BB1_01	M9a1a1c1b1a
GSRD019960A00_BB1_01	M9a1a1c1b1a
GSRD019962A00_BB1_01	M9a1a1c1b1a
GSRD019988A00_BB1_01	M9a1b1
GSRD019993A00_BB1_01	M62b1a1
GSRD020000A00_BB1_01	A11a
GSRD020001A00_BB1_01	A11a
GSRD020012A00_BB1_01	M9a1a1c1b1a
GSRD020013A00_BB1_01	A17
GSRD020021A00_BB1_01	F1g
GSRD020025A00_BB1_01	D5a2a1
GSRD020030A00_BB1_01	M9a1b1c
GSRD020032A00_BB1_01	D4n2
GSRD020033A00_BB1_01	C4d
GSRD020038A00_BB1_01	A11a
GSRD020043A00_BB1_01	M9a1a1c1b1a
GSRD020049A00_BB1_01	M9a1a1c1b1a
GSRD020053A00_BB1_01	M9a1b1
GSRD020055A00_BB1_01	M13a2
GSRD020065A00_BB1_01	M9a1a1c1b1a
GSRD020072A00_BB1_01	M9a1a1c1b1a
GSRD020078A00_BB1_01	A14
GSRD020080A00_BB1_01	D5a2a1
GSRD020083A00_BB1_01	M9a1b+150
GSRD020090A00_BB1_01	U2b1
GSRD020096A00_BB1_01	G3a1a
GSRD020105A00_BB1_01	A11a
GSRD020108A00_BB1_01	M13a1b
GSRD020115A00_BB1_01	R+16189
GSRD020125A00_BB1_01	D4h1c
GSRD020132A00_BB1_01	M9a1a1c1b1a
GSRD020133A00_BB1_01	D5a2a1
GSRD020135A00_BB1_01	G3a1a
GSRD020149A00_BB1_01	D4h1c
GSRD020151A00_BB1_01	G3a1a
GSRD020152A00_BB1_01	T2a1a
GSRD020161A00_BB1_01	C4d
GSRD020178A00_BB1_01	A6b
GSRD020179A00_BB1_01	B5b1
GSRD020183A00_BB1_01	A21
GSRD020195A00_BB1_01	M9a1a1c1b1a
GSRD020198A00_BB1_01	G2a1h
GSRD020204A00_BB1_01	D4j3
GSRD020209A00_BB1_01	M9a1a1c1b1a
GSRD020223A00_BB1_01	M11a2
GSRD020226A00_BB1_01	A11a
GSRD020230A00_BB1_01	G3a1a
GSRD020238A00_BB1_01	A21
GSRD020244A00_BB1_01	M9a1b1
GSRD020259A00_BB1_01	A11a
GSRD020264A00_BB1_01	F1b1c
GSRD020271A00_BB1_01	F1b1c
GSRD020279A00_BB1_01	M62b1a1
GSRD020283A00_BB1_01	M9a1a1c1b1a
GSRD020291A00_BB1_01	M9a1b+150
GSRD020299A00_BB1_01	F1g
GSRD020300A00_BB1_01	A11a
GSRD020312A00_BB1_01	M9a1a1c1b1a
GSRD020319A00_BB1_01	M62b1
GSRD020327A00_BB1_01	M9a1a1c1b1a
GSRD020338A00_BB1_01	M13a1b
GSRD020340A00_BB1_01	M8a1
GSRD020347A00_BB1_01	A11a
GSRD020348A00_BB1_01	D4
GSRD020357A00_BB1_01	A21
GSRD020358A00_BB1_01	M8a1
GSRD020363A00_BB1_01	M62b2
GSRD020375A00_BB1_01	M9a1a1c1b1a
GSRD020380A00_BB1_01	M9a1a1c1b1a
GSRD020387A00_BB1_01	A21
GSRD020395A00_BB1_01	M9a1a1c1b1a
GSRD020396A00_BB1_01	D4
GSRD020413A00_BB1_01	M9a1a1c1b1a2
GSRD020416A00_BB1_01	M62b1
GSRD020427A00_BB1_01	A6b
GSRD020429A00_BB1_01	F1g
GSRD020433A00_BB1_01	M13a2
GSRD020438A00_BB1_01	M13a2
GSRD020455A00_BB1_01	A15c1
GSRD020456A00_BB1_01	M13a2
GSRD020457A00_BB1_01	A11a
GSRD020482A00_BB1_01	F2g
GSRD020490A00_BB1_01	A21
GSRD020503A00_BB1_01	B4d1'2'3
GSRD020509A00_BB1_01	A21
GSRD020536A00_BB1_01	M9a1a1c1b1a2
GSRD020541A00_BB1_01	A11b
GSRD020545A00_BB1_01	F1c1a1a
GSRD020591A00_BB1_01	M62b1
GSRD020598A00_BB1_01	D4j1b
GSRD020600A00_BB1_01	M9a1a1c1b1a
GSRD020603A00_BB1_01	D4j1
GSRD020604A00_BB1_01	M9a1a1c1b1a
GSRD020615A00_BB1_01	G3b1
GSRD020616A00_BB1_01	F1d1
GSRD020621A00_BB1_01	M9a1a1c1b1a
GSRD020640A00_BB1_01	M13a2
GSRD020648A00_BB1_01	M8a1
GSRD020650A00_BB1_01	N
GSRD020655A00_BB1_01	M9a1b+150
GSRD020660A00_BB1_01	M13a2
GSRD020663A00_BB1_01	M13a2
GSRD020669A00_BB1_01	M9a1a1c1b1a
GSRD020678A00_BB1_01	M13a2
GSRD020680A00_BB1_01	M9a1b+150
GSRD020699A00_BB1_01	A15a
GSRD020724A00_BB1_01	A21
GSRD020726A00_BB1_01	A21
GSRD020731A00_BB1_01	F1g
GSRD020732A00_BB1_01	M9a1a1c1b1a
GSRD020758A00_BB1_01	A21
GSRD020759A00_BB1_01	D4
GSRD020764A00_BB1_01	M9a1a1c1b1a
GSRD020766A00_BB1_01	A11a
GSRD020767A00_BB1_01	M9a1b1c
GSRD020776A00_BB1_01	A21
GSRD020780A00_BB1_01	A11a
GSRD020786A00_BB1_01	M62b2
GSRD020788A00_BB1_01	B5b1
GSRD020791A00_BB1_01	M9a1a1c1b1a2
GSRD020795A00_BB1_01	M9a1a1c1b1a2
GSRD020803A00_BB1_01	M9a1a1c1b1a
GSRD020805A00_BB1_01	G2a1
GSRD020806A00_BB1_01	U7a
GSRD020812A00_BB1_01	A14
GSRD020817A00_BB1_01	M9a1a1c1b1a
GSRD020824A00_BB1_01	M9a1a1c1b1a
GSRD020825A00_BB1_01	G2a1
GSRD020839A00_BB1_01	F1b1+@152
GSRD020843A00_BB1_01	D4h4
GSRD020849A00_BB1_01	D4
GSRD020850A00_BB1_01	M13a2
GSRD020856A00_BB1_01	A11a
GSRD020859A00_BB1_01	A14
GSRD020869A00_BB1_01	M62b2
GSRD020871A00_BB1_01	M9a1a1c1b1a
GSRD020892A00_BB1_01	A21
GSRD020894A00_BB1_01	F1d1
GSRD020903A00_BB1_01	M9a1a1c1b1a
GSRD020910A00_BB1_01	D4j1b
GSRD020915A00_BB1_01	M9a1a1c1b1a
GSRD020918A00_BB1_01	D4j1b
GSRD020937A00_BB1_01	M9a1b1c
GSRD020946A00_BB1_01	D4j1b
GSRD020951A00_BB1_01	F1d
GSRD020954A00_BB1_01	M9a1a1c1b1a
GSRD020955A00_BB1_01	M9a1b1
GSRD020957A00_BB1_01	B4a4
GSRD020959A00_BB1_01	A14
GSRD020962A00_BB1_01	G3b1
GSRD020963A00_BB1_01	M9a1b1
GSRD020965A00_BB1_01	M9a1a1c1b1a
GSRD020975A00_BB1_01	M9a1a1c1b1a
GSRD020982A00_BB1_01	C4a1a1a
GSRD020983A00_BB1_01	A14
GSRD020988A00_BB1_01	F1b1c
GSRD020989A00_BB1_01	F1b1c
GSRD020994A00_BB1_01	M9a1b1c
GSRD021015A00_BB1_01	D4j3
GSRD021016A00_BB1_01	M13a2
GSRD021021A00_BB1_01	M9a1a1c1b1a
GSRD021032A00_BB1_01	G3b1
GSRD021037A00_BB1_01	F1g
GSRD021049A00_BB1_01	D4
GSRD021051A00_BB1_01	A11b
GSRD021061A00_BB1_01	F1c1a1a
GSRD021068A00_BB1_01	R2+13500
GSRD021073A00_BB1_01	M9a1a1c1b1a
GSRD021080A00_BB1_01	F1b1+@152
GSRD021083A00_BB1_01	F1d1
GSRD021084A00_BB1_01	F2b1
GSRD021101A00_BB1_01	M62b2
GWHBEEE01000001	D4h1
GWHBEEI01000001	D4h1c
GWHBEEJ01000001	D4h1c
GWHBEEK01000001	D4h1c
GWHBEFQ01000001	D4h1b
GWHBEGN01000001	D4h1d
GWHBEGP01000001	D4h4
GWHBEGR01000001	D4h1b
GWHBEGX01000001	D4h1a2
GWHBEHN01000001	D4h1c
HGDP01096	A5
HGDP01097	R+16189
HGDP01099	F1a1
HGDP01100	R11a
HGDP01101	B4a2b1
HGDP01102	D4b2b2b
HGDP01103	M7b1a1+(16192)
HGDP01104	C4a1a+195
HGDP01180	M11a2
HGDP01181	M11a2
HGDP01182	F1c1a1a
HGDP01183	F2a1
HGDP01184	A17
HGDP01185	F3b+152
HGDP01186	F1b1c
HGDP01187	B5a1
HGDP01189	A5b1b
HGDP01190	D4i
HGDP01192	D5a2a1+@16172
HGDP01194	B5a1c1a1
HGDP01196	A17
HGDP01197	M7b1a1b
HGDP01300	F1b1b
HGDP01303	R2
HGDP01304	H8b1
HGDP01305	Y1
HK108C	N9a10
HK76C	R30
HK96C	N10a
HM346920	M9a1a1c1b1a
HM346926	M9a1a1c1b1a2
HM346931	M9a1a1c1b1a
HM771114	L1c1a2c
HM771212	L2a4a
JQ701914	L2a1m1a
JQ704740	L2c2a1
JX303774	L3f1b1a1
JX303789	L3e2b1a2
JX303803	L3d3a1b
JX303853	L2a1i1
KC345848	L0d2b1a1a
KC345901	L0d1b2b2c1
KF540725	F1a1c
KF540726	G3a2
KJ669171	L0d2a1a2
KT725861	C4a2b
KT725864	M7b1a1+(16192)
KT725961	M9a1b1c
KT725963	A17
KT725965	D5a2a1
KT725966	F1g
KT725969	B4d1'2'3
KT725972	M9a1a1c1b1a
KT725974	F1g
KT725995	M9a1a1c1b1a
KT725996	M9a1a2
KT725997	M9a1b1c
KT726003	M9a1a1c1b1a
KT726005	M5b2b1a
KT726011	M9a1a1c1b1a
KT726019	M9a1a1c1b1a1
KT726020	A11b
KT726031	A11a
KT726037	F1d1
KU521440	F3a1
KU521441	F3a1
KU521442	F3a1
KU521459	N9a10+16311
KU682872	D2
KU682880	D4e3
KU682882	Z3
KU682893	HV2a2
KU682894	U4b2
KU682895	F1a3
KU682897	M9a1a2
KU682898	M7a1a7
KU682899	M9a1a2
KU682901	G2a'c
KU682902	H1+16189
KU682907	F2d
KU682910	A+152+16362
KU682918	D4c1
KU682921	U3b2a1a
KU682926	T2e
KU682927	G1a
KU682928	B4i1
KU682931	U4b1a4
KU682937	N9a2
KU682939	C4a1a4
KU682944	D4c1
KU682945	HV2a2
KU682955	M7b1a1e2
KU682956	C4a2a1
KU682959	D4
KU682961	H2a1
KU682963	Z4a
KU682968	C4a2a1
KU682972	M7c1a4a
KU682973	A+152+16362
KU682974	R2d
KU682975	C4a1a2
KU682976	B4c1b2a1
KU682977	B4b1a3a
KU682979	C4a2a1
KU682982	U4d2
KU682984	H8c
KU682987	M7c1a4a
KU682991	D4j5a
KU682995	HV2a2
KU682998	G3a3
KU682999	D4h4
KU683003	C5b1b
KU683008	H8c
KU683011	D4e5a
KU683014	B4c1b2a1
KU683018	M7c1
KU683023	Y1
KU683024	D4o2a1
KU683028	T1a1
KU683029	D4j
KU683030	HV6
KU683039	D5b1b2
KU683045	HV2a2
KU683049	U7a
KU683050	J1d
KU683054	H33
KU683055	H91
KU683056	C4a2a1
KU683058	D4o2a1
KU683060	H5
KU683063	C4a1a6
KU683064	G2a2
KU683066	F1a3
KU683070	M7b1a2a
KU683073	D4b2b
KU683078	H5
KU683080	B4b1a3
KU683083	C4b
KU683087	J1c4b
KU683090	K1a3
KU683091	D4j+(16286)
KU683092	A15c1
KU683093	A8a1
KU683096	D4j1a1
KU683097	H91
KU683098	T1a1
KU683099	D4e5a
KU683101	B5b2c
KU683103	H2b
KU683107	U5b1a
KU683109	D4o
KU683111	M7b1a1+(16192)
KU683115	H85
KU683117	M7c1a2a1
KU683120	U7a
KU683123	T1a1
KU683126	G2a'c
KU683127	U5a2b1c
KU683128	G2a1+16189
KU683129	T1a1
KU683131	D4a1e1
KU683133	T1a1b1
KU683134	F1b1b
KU683143	D4e5a
KU683146	D4m
KU683147	D4j5
KU683148	HV
KU683149	U5a1d2b
KU683154	Y1a1
KU683159	D4j5
KU683160	C5a1
KU683161	G2a2
KU683162	B4c2a
KU683164	D4o2a1
KU683171	C4a2a1
KU683176	J1b1b1
KU683179	A+152+16362+16189
KU683184	G2a2
KU683189	H4a1a1a
KU683190	D4o1
KU683191	D4o2a
KU683192	B4b1a3
KU683195	U7a4
KU683196	G2a2
KU683198	C4b1
KU683200	C5a1
KU683201	G2a2
KU683203	D4o1
KU683206	J1b1b1
KU683207	F1b1b
KU683209	B4h1
KU683210	H55b
KU683213	W3b
KU683214	U7a
KU683215	H16+152
KU683217	D5b1b2
KU683218	U2e1h
KU683223	D4i2
KU683224	U8b1b
KU683229	M7b1a1+(16192)
KU683231	D5b1c
KU683232	A15a
KU683234	M2a1a
KU683244	H14a
KU683245	M9a1a1
KU683250	R30b1
KU683252	G2b1b
KU683257	M7b1a1a1
KU683262	H16+152
KU683264	G2a2
KU683267	H15a1b
KU683268	B4a1c
KU683273	B5b2c
KU683274	K1c1
KU683279	D5b
KU683281	C5a1
KU683286	H6b2
KU683288	H5
KU683289	B4c1b+16335
KU683292	C4a2a1
KU683293	C4b1
KU683295	M7b1a1c
KU683298	F1b1b
KU683300	R1b1
KU683302	H33b
KU683303	A+152+16362+16189
KU683304	U8b1b
KU683305	D5b
KU683308	G2a2
KU683309	H15a1b
KU683310	D4j1a1
KU683312	V+@16298
KU683314	A8a1
KU683315	C5a1
KU683316	D4j5
KU683337	D4g1b
KU683339	V+@16298
KU683342	Z4a
KU683347	D4e5a
KU683348	M7c1
KU683349	D4j1
KU683352	Z3
KU683353	U7b
KU683354	C7a1c
KU683358	V+@16298
KU683360	C4a1a2
KU683362	C5b1b
KU683364	R2
KU683366	D4j+(16286)
KU683368	K1a3
KU683370	C4a2a1
KU683373	M7b1a1+(16192)
KU683375	B5b2c1
KU683377	R1a1
KU683378	C4a1a2
KU683380	A14
KU683384	H5a1
KU683387	C4b3
KU683388	H16+152
KU683392	N11a1
KU683393	A+152+16362+200
KU683401	HV6
KU683405	J1c2t
KU683408	D5a2a1a1
KU683411	A+152+16362+16189
KU683415	C7a1c
KU683418	J1d
KU683422	M7b1a1+(16192)
KU683424	D4j13
KU683427	D4j
KU683431	HV+16311
KU683432	D4i
KU683434	H6b2
KU683437	M9a1a2
KU683442	T2b34
KU683445	C7a1c
KU683449	I
KU683451	N9a3
KU683452	M10a1a1b1
KU683454	B4b1a3a
KU683461	G2a2
KU683464	R1b1
KU683474	H5a1
KU683477	H85
KU683479	H5a1
KU683480	A5b1b
KU683483	M7c1
KU683484	M9a1b1
KU683487	A5b1b
KU683489	H4a1a1a
KU683503	HV13b
KU683505	H5a1
KU683506	T1a1b1
KU683510	F1a3
KU683511	D4j3
KU683512	HV13b
KU683515	M9a1b1
KU683520	M7b1a2a
KU683522	H4a1a1a
KU683523	H6b2
KU683525	D4m2
KU683527	D4i2
KU683540	D4m2
KU683541	H1c1
KU683542	Y1a1
KU683543	W1
KU683547	C4a2a1
KU683548	HV2a2
KU683550	M2a1a
KU683552	D4j
KU683554	G2a2
KU683557	D4j
KU683559	G3a
KU683569	D4j
KU683572	A+152+16362+16189
KU683573	M13a1b
KU683574	N9a1
KU683576	G2c
KU683579	D4b1
KU683580	D4l1
KU683588	D5b1b2
KU683589	D4i2
L145	N9a2a2
L16	A15a
L169	F2a
L183	F1a1
L187	D6a1a
L6	A5c
L68	M7b1a1a3
MF056436	L3b1a3
MF056538	L3e1a1a
MF057165	L3b1a1a
MF058454	L0a1b1a1a
MF522991	A+152+16362+16189
MF522992	F1b1+@152
MF522994	R2+13500
MF522998	H7b
MF523004	M7b1a1c
MF523005	D4e1a
MF523009	F2
MF523016	A+152+16362+16189
MF523017	D4
MH449025	F1a1a
MH449026	D4
MH449027	F1a1a
MH449028	N9a10+16311
MH449029	B5a1c1a1
MH449030	B4a5
MH449031	N9a10+16311
MH449032	B4a5
MH449033	N9a10+16311
MH449035	M12a1a1
MH449036	B4a5
MH449037	F1a2
MH449038	B5a1c1a1
MH449039	N9a10+16311
MH449040	F3a1
MH449043	F1f
MH449044	B5a1c1a
MH449045	C5d
MH449046	F3a1
MH449047	B5a1c1a1
MH449048	N9a10+16311
MH449049	C5d
MH449050	B5a1c1a1
MH449051	C5d
MH449052	B5a1c1a
MH449053	B5a1c1a1
MH449054	B5a1c1a1
MH449055	D4
MH449056	D4
MH449057	M74a
MH449058	B4a5
MH449059	C5d
MH449060	F1g1
MH449061	C5d
MH449062	B4a5
MH449063	M74a
MH449064	B4a5
MH449065	B5a1c1a1
MH449066	D5a2a1
MH449067	C4a2b
MH449068	C7a
MH449069	C4a2b
MH449070	C7a
MH449071	M12a1a
MH449072	D4s
MH449073	C4a2b
MH449074	M12a1a
MH449075	M12a1a
MH449076	N21+195
MH449077	M23'75
MH449078	F1a1a
MH449079	B4a1c4
MH449080	F1a1a
MH449081	D4s
MH449082	C7a
MH449083	D4s
MH449084	D5a2b
MH449085	B4a1c4
MH449086	F1a
MH449087	F1a1a
MH449088	A17
MH449089	F1a1a1
MH449090	M12b1a
MH449091	C7a
MH449092	N21+195
MH449093	Z3a1a
MH449094	A17
MH449095	B4c2
MH449096	F3a1
MH449097	M11a2
MH449428	B4a1c
MH449429	F1a'c'f
MH449430	M7b1a1d1
MH449431	M7b1a1a3
MH449432	B4c1b+16335
MH449433	M7b1a1
MH449434	R9b1a2a
MH449435	M7b1a1
MH449436	M7b1a1
MH449437	F1a1d
MH449438	F1a1d
MH449439	F1a1a
MH449440	F1a1a
MH449441	M7b1a1
MH449442	D5b3
MH449443	F3a1
MH449444	N9a1
MH449445	M9a5
MH449446	F1e3
MH449447	N9a1
MH449448	F2d
MH449449	M7b1a1a3
MH449450	B4b1a2a
MH449451	B5a1d
MH449452	B4c1b2a
MH449453	D5b4
MH449454	F1a1a
MH449455	F1a1a
MH449456	F1e3
MH449457	C7
MH449458	R9b1a2b
MH449459	F1a
MH449460	B4h
MH449461	B4a1c4
MH449462	M7b1a1+(16192)
MH449463	B5a1a
MH449464	B4c1b2c
MH449465	B4c2c
MH449466	F1f
MH449467	C7a
MH449468	B4m
MH449469	B4b1a2
MH449470	B5a1a
MH449471	A5b1
MH449472	D5b3
MH449473	M7b1a1+(16192)
MH449474	B4b1c1
MH449475	M12a1a1
MH449554	D4s
MLT013	G2a1
MLT015	A15c1
MLT020	F2b1
MLT025	A11a
MLT035	Z4a1a
MLT050	A15a
MLT067	B4a4
MLT071	M9a1a1c1b1a
MLT091	A15c1
MLT103	G2
MLT107	G2b1b
MLT110	G3b1
MLT112	M11a2
MLT114	F1b1c
MLT117	G3a1a
MPG-HNZ-001A	D4b2b4
MPG-HNZ-002A	F1f
MPG-HNZ-003A	M10a1
MPG-HNZ-004A	F1a1a
MPG-HNZ-005A	A+152+16362
MPG-HNZ-006A	F1a1a
MPG-HNZ-007A	C7a
MPG-HNZ-008A	M10a1
MPG-HNZ-009A	G1a2
MPG-HNZ-010A	M9a1b1
MPG-HNZ-011A	F1c1a2
MPG-HNZ-012A	N10a
MPG-HNZ-013A	D4j1
MPG-HNZ-014A	G1a2
MPG-HNZ-015A	D4b2b
MPG-HNZ-016A	M24b
MPG-HNZ-017A	M24b
MPG-HNZ-018A	M9a1b1
MPG-HNZ-019A	C4a2b
MPG-HNZ-020A	M9a1b1
MPG-HNZ-021A	D4s
MPG-HNZ-022A	M24b
MPG-HNZ-023A	M24b
MPG-HNZ-024A	D4s
MPG-HNZ-025A	D4j1a1
MPG-HNZ-026A	C4a2b
MPG-HNZ-027A	M24b
MPG-HNZ-028A	D4a
MPG-HNZ-031A	D4j1
MPG-HNZ-033A	M24b
MPG-HNZ-034A	M7b1a1a2
MPG-HNZ-036A	D4j1a1
MPG-HNZ-042A	M24b
MPG-HNZ-043A	D4j1a1
MPG-HNZ-045A	D4j1a1
MPG-HNZ-046A	D4j1
MPG-HNZ-048A	M7b1a1a2
MPG-HNZ-049A	D4j1
MPG-HNZ-050A	M11a2
MPG-HNZ-052A	D4a
MPG-HNZ-053A	M12b1a
MPG-HNZ-054A	C7a
MPG-HNZ-055A	F1f
MPG-HNZ-056A	M9a1b1
MPG-HNZ-057A	B5a1a
MPG-HNZ-058A	M12b1a
MPG-HNZ-059A	M9a1b1
MPG-HNZ-060A	F1f
MPG-HNZ-062A	F1f
MPG-HNZ-063A	F1a1
MPG-HNZ-064A	F1f
MPG-HNZ-065A	G1a2
MPG-HNZ-067A	F1a1a
MPG-HNZ-068A	B5a1a
MPG-HNZ-069A	D4a
MPG-HNZ-070A	F1a1a
MPG-HNZ-071A	F1a1a
MPG-HNZ-072A	F1a1
MPG-HNZ-073A	F1a1
MPG-HNZ-074A	F1a1a
MPG-HNZ-075A	D5a2b
MPG-HNZ-076A	F1g
MPG-HNZ-077A	B5a1a
MPG-HNZ-078A	F1a1a
MPG-HNZ-079A	M9a1b1
MPG-HNZ-080A	D5a2b
MPG-HNZ-081A	F1a1a
MPG-HNZ-082A	F1a1a
MPG-HNZ-083A	B5a1a
MPG-HNZ-084A	D4s
MPG-HNZ-085A	B4c2
MPG-HNZ-086A	F1g
MPG-HNZ-087A	F1a1
MPG-HNZ-088A	D4s
MPG-HNZ-089A	B5a1a
MPG-HNZ-090A	D4j1
MPG-HNZ-091A	G1a2
MPG-HNZ-092A	B5a1a
MPG-HNZ-093A	M11a2
MPG-HNZ-094A	M11a2
MPG-HNZ-095A	M7b1a1a2
MPG-HNZ-096A	F1a1a
MPG-HNZ-098A	D4j1
MPG-HNZ-099A	M7b1a1a2
MPG-HNZ-101A	G1a2
MPG-HNZ-102A	G1a2
MPG-HNZ-103A	D4j1
MPG-HNZ-104A	F1f
MPG-HNZ-105A	F1a1a1
MPG-HNZ-106A	F1a1a1
MPG-HNZ-107A	D4j1
MPG-HNZ-108A	M11a2
MPG-HNZ-109A	C7a
MPG-HNZ-110A	M11a2
MPG-HNZ-111A	G1a2
MPG-HNZ-112A	M23'75
MPG-HNZ-113A	A21
MPG-HNZ-114A	D4j1
MPG-HNZ-115A	M11a2
MPG-HNZ-116A	M11a2
MPG-HNZ-117A	G1a2
MPG-HNZ-118A	G1a2
MPG-HNZ-119A	B5a1a
MPG-HNZ-120A	B5a1a
MPG-HNZ-121A	F1c1a2
MPG-HNZ-123A	M11a2
MPG-HNZ-124A	M11a2
MPG-HNZ-125A	G1a2
MPG-HNZ-126A	F1a1a
MPG-HNZ-127A	G1a2
MPG-HNZ-128A	D4a
MPG-HNZ-129A	M7b1a1a2
MPG-HNZ-130A	D4j1a1
MPG-HNZ-131A	F1a1
MPG-HNZ-132A	B5a1a
MPG-HNZ-133A	B5a1a
MPG-HNZ-134A	B5a1a
MPG-HNZ-135A	M7b1a1a2
MPG-HNZ-136A	D4j1b
MPG-HNZ-137A	M11a2
MPG-HNZ-138A	F1a1
MPG-HNZ-139A	G1a2
MPG-HNZ-140A	G1a2
MPG-HNZ-141A	M7b1a1a2
MPG-HNZ-142A	B5a1a
MPG-HNZ-143A	F1a1a
MPG-HNZ-144A	B5a1a
MPG-HNZ-145A	F1f
MPG-HNZ-146A	F1a1a
MPG-HNZ-147A	F1a1a
MPG-HNZ-148A	M7b1a1a2
MPG-HNZ-149A	M11a2
MPG-HNZ-150A	N21+195
MPG-HNZ-151A	B5a1a
MPG-HNZ-152A	M11a2
MPG-HNZ-153A	M7b1a1a2
MPG-HNZ-154A	B5a1a
MPG-HNZ-155A	D5a2b
MPG-HNZ-156A	B4a1e
MPG-HNZ-157A	D4a
MPG-HNZ-159A	G3a1a
MPG-HNZ-160A	D4j1
MPG-HNZ-161A	F1a1a
MPG-HNZ-162A	B5a1a
MPG-HNZ-163A	M7b1a1f
MPG-HNZ-164A	A21
MPG-HNZ-165A	F1a1a
MPG-HNZ-166A	M74b
MPG-HNZ-168A	F1a1
MPG-HNZ-169A	D4i3
MPG-HNZ-170A	F1a1a
MPG-HNZ-171A	C7a
MPG-HNZ-172A	F1a1a
MPG-HNZ-173A	A13
MPG-HNZ-175A	B5a1d
MPG-HNZ-176A	D4a
MPG-HNZ-178A	M74b
MPG-HNZ-179A	M74b
MPG-HNZ-183A	C7a
MPG-HNZ-184A	D4j1
MPG-HNZ-185A	M7b1a1a2
MPG-HNZ-186A	F1a1a
MPG-HNZ-187A	M74b
MPG-HNZ-188A	D5a2b
MPG-HNZ-189A	F1a1
MPG-HNZ-190A	D4b2b
MPG-HNZ-191A	M12a1b
MPG-HNZ-192A	F2a1
MPG-HNZ-193A	D4j1
MPG-HNZ-194A	F1a1a
MPG-HNZ-195A	D4j1
MPG-HNZ-196A	D4j1
MPG-HNZ-198A	F1a1a
MPG-HNZ-199A	M7b1a1a2
MPG-HNZ-200A	M9a1b1
MPG-HNZ-201A	F1a1
MPG-HNZ-202A	D4i3
MPG-HNZ-203A	F1c1a2
MPG-HNZ-204A	M7b1a1a2
MPG-HNZ-205A	F1a1
MPG-HNZ-207A	D5a2b
MPG-HNZ-209A	M12b1a
MPG-HNZ-210A	F1a1a1
MPG-HNZ-211A	F1f
MPG-HNZ-212A	F1f
MPG-HNZ-213A	N21+195
MPG-HNZ-214A	M11a2
MPG-HNZ-215A	B5a1a
MPG-HNZ-216A	M11a2
MPG-HNZ-217A	D5a2b
MPG-HNZ-218A	D5a2b
MPG-HNZ-219A	D5a2b
MPG-HNZ-221A	F1f
MPG-HNZ-222A	G1a2
MPG-HNZ-223A	F1a1a
MPG-HNZ-224A	A13
MPG-HNZ-225A	A13
MPG-HNZ-227A	M74b
MPG-HNZ-229A	C7a
MPG-HNZ-231A	D4a
MPG-HNZ-232A	D4s
MPG-HNZ-233A	F1a1
MPG-HNZ-234A	F1a1a
MPG-HNZ-235A	C7a
MPG-HNZ-236A	C7a
MPG-HNZ-237A	D4s
MPG-HNZ-238A	F1f
MPG-HNZ-239A	G1a2
MPG-HNZ-240A	M7b1a1a2
MPG-HNZ-241A	D4j1a1
MPG-HNZ-242A	A21
MPG-HNZ-243A	A21
MPG-HNZ-244A	C4a2b
MPG-HNZ-245A	M74b
MPG-HNZ-246A	F1f
MPG-HNZ-247A	F1a1a
MPG-HNZ-248A	A21
MPG-HNZ-249A	C7a
MPG-HNZ-250A	B5a1a
MPG-HNZ-252A	B5a1a
MPG-HNZ-253A	B5a1a
MPG-HNZ-254A	F1a1a
MPG-HNZ-255A	B5a1d
MPG-HNZ-256A	F1f
MPG-HNZ-257A	D4j1a1
MPG-HNZ-258A	C4a2b
MPG-HNZ-259A	D4j1a1
MPG-HNZ-260A	B5a1a
MPG-HNZ-262A	F1a1a
MPG-HNZ-263A	F1a1a
MPG-HNZ-264A	G3a1a
MPG-HNZ-265A	B5a1d
MPG-HNZ-266A	D4j1
MPG-HNZ-267A	M20
MPG-HNZ-268A	F1a1a
MPG-HNZ-271A	M7b1a1a2
MT418943	CZ
MT418945	F1g1
MT418946	D4e1a3
MT418947	B5a1c1a
MT418949	R+16189
MT418950	R+16189
MT418951	B5a1c1a
MT418952	F1g1
MT418953	B5a1c1a
MT418954	B5a1c1a
MT418955	F1g1
MT418956	R+16189
MT418957	F1g1
MT418958	R9b1b
MT418959	R+16189
MT418960	B5a1c1a
MT418962	B5a1c1a
MT418963	B4g2
MT418964	B5a1c1a
MT418965	B5a1c1a1
MT418966	F1a1a
MT418967	N9a10+16311
MT418968	B5a1c1a
MT418969	B4a5
MT418970	F1g1
MT418971	D4e1a3
MT418972	F1g1
MT418973	F1g1
MT418974	B4g2
MT418975	F1g1
MT418976	B5a1c1a
MT418979	M74a
MT418980	B5a1c1a
MT418981	F1a2
MT418982	F1g1
MT418983	R+16189
MT418984	B5a1c1a
MT418985	M12b1b
MT418986	F1a1a
MT418987	M74a
MT418988	D4e1a3
MT418990	F1a2
MT418991	C7a
MT418993	F1g1
MT418994	F1a1a
MT418995	B4a5
MT418997	B5a1c1a
MT418998	R9b1b
MT418999	F1g1
MT419000	N9a10+16311
MT419001	C7a
MT419002	N9a10+16311
MT419003	D4e1a3
MT419004	B5a1c1a
MT419005	R9b1a1a
MT419006	B5a1c1a1
MT419007	F1g1
MT419008	B5a1c1a
MT419009	F1g1
MT419010	B5a1c1a1
MT419012	B5a1c1a1
MT419013	B4g2
MT419014	D4e1a3
MT419015	F1a1a
MT419016	D4e1a3
MT419017	F3a1
MT419018	B5a1c1a
MT419019	B5a1c1a
MT419021	F1g1
MT419022	F3a1
MT419023	F1g1
MT419025	M74a
MT419026	B5a1c1a
MT419027	F1g1
MT419028	R9b1b
MT419029	R9c1a
MT419030	R
MT419031	B4c2
MT419032	F1a1a
MT419033	F1g1
MT419034	C7a2
MT419035	B5a1c1a
MT419036	M7b1a1+(16192)
MT419037	B5a1c1a1
MT419038	D4e1a3
MT419040	R9b1b
MT419042	D4e1a3
MT419043	B5a1c1a
MT419044	D5b4
MT419045	B5a1c1a1
MT419046	C7a2
MT419047	B5a1c1a1
MT419048	R+16189
MT419049	C7a
MT419051	B5a1
MT419052	B4g2
MT419053	C5d
MT419054	F3a1
MT419055	R+16189
MT419057	B5a1c1a1
MT419058	B5a1c1a1
MT419060	F1g1
MT419061	R9b1b
MT419062	F1g1
MT419063	B5a1c1a1
MT419065	F1g1
MT419066	B5a1c1a
MT419067	D4b2
MT419068	M7b1a1
MT419069	B4g2
MT419070	F1a1a
MT419071	B5a1c1a1
MT419072	M74a
MT419073	M74a
MT419074	M74a
MT419075	F1a2
MT419076	B5a1c1a1
MT419080	A+152+16362
MT419082	D4e1a
MT419083	F1g1
MT419084	B5a1c1a
MT419085	F1g1
MT419086	B5a1c1a
MT419087	F1a2
MT419088	B5a1c1a
MT419089	R+16189
MT419090	N9a10+16311
MT419091	F1a2
MT419092	F1g1
MT419093	R+16189
MT419094	R+16189
MT419095	N9a10+16311
MT419096	M74a
MT419097	B5a1c1a
MT419098	B5a1c1a
MT419099	N9a10+16311
MT419100	B4a5
NM136A	F3a1
PV695766	F1g1
PV695767	M7c1a
PV695768	M12a1a
PV695769	A+152+16362
PV695770	D4a1e
PV695771	N9a10+16311
PV695772	C7
PV695773	C7a2
PV695774	C7b
PV695775	F1f
PV695776	D4
PV695777	A11b
PV695778	D4t
PV695779	C7a
PV695780	F3a1
PV695781	B4c1b
PV695782	A+152+16362
PV695783	F3b+152
PV695784	F3b+152
PV695785	D4b2b
PV695786	D4i
PV695787	F1g1
PV695788	D4i
PV695789	B5a1a
PV695790	M9b
PV695791	M7b1a1a
PV695792	C7a2
PV695793	M8a2a1
PV695794	B4g2
PV695795	M7b1a1a3
PV695796	M11a'b
PV695797	M7b1a1
PV695798	F3a+207
PV695799	F1a1
PV695800	M7b1a1
PV695801	A15a
PV695802	D4f1
PV695803	B5a1c1a1
PV695804	C7b
PV695805	B5a1c1a1
PV695806	D4j3
PV695807	F1a1c
PV695808	B6a
PV695809	F1c1a1
PV695810	B5a1a
PV695811	M10a1a1a
PV695812	M75
PV695813	A17
PV695814	B5a1c1a1
PV695815	F2g
PV695816	R11a
PV695817	B5a1c1a
PV695818	M7c1b
PV695819	A17
PV695820	B5a1c1a
PV695821	B4d1'2'3
PV695822	C7a
PV695823	C7a
PV695824	B4a5
PV695825	M7c1b2b
PV695826	B5a1c1a1
PV695827	A5
PV695828	M7b1a1a3
PV695829	G2a
PV695830	B5a1c1a1
PV695831	F2d
PV695832	D4j1a1
PV695833	D5b1b
PV695834	F1g1
PV695835	D4j3
PV695836	N9a10+16311
PV695837	B4c1b2a
PV695838	A14
PV695839	R9b1a3
PV695840	F1a1
PV695841	B4d1'2'3
PV695842	A13
PV695843	F1g1
PV695844	G2a1d2
PV695845	B5b1
PV695846	M7b1a1a3
PV695847	D4j+146
PV695848	M7b1a1
PV695849	A13
PV695850	B6a
PV695851	M11a2
PV695852	A11+16234
PV695853	F1b1+@152
PV695854	F2b1
PV695855	B4c1b
PV695856	B5a1a
PV695857	G2b1a
PV695858	F1g
PV695859	C7a1
PV695860	N9a3
PV695861	A17
PV695862	B4a5
PV695863	D4j
PV695864	G2a2
PV695865	B4h
PV695866	D4e1a3
PV695867	D4b2b4
PV695868	A+152+16362+200
PV695869	D4b2b
PV695870	F1c1a2
PV695871	B5b1
PV695872	F1b1+@152
PV695873	R9b1a3
PV695874	B5a1c1a1
PV695875	F1f
PV695876	D4
PV695877	M71
PV695878	D4e5a
PV695879	M7c1a1a
PV695880	N9a9
PV695881	B4a5
PV695882	B6a
PV695883	M33c
PV695884	B4+16261
PV695885	C7a2
PV695886	F1a1c
PV695887	B4a1c4
PV695888	M7b1a1
PV695889	G1
PV695890	M7c1b
PV695891	B4g2
PV695892	B4a1c3b
PV695893	B6a
PV695894	D4
PV695895	R9b1a1a
PV695896	B4d1'2'3
PV695897	R9b1b
PV695898	F1a3
PV695899	R11a
PV695900	D4a1
PV695901	F1a1a1
PV695902	F1a
PV695903	R11b1b
PV695904	G4
PV695905	B5a1c1a
PV695906	A14
PV695907	N9a
PV695908	D4h1d
PV695909	M9a
PV695910	C7a
PV695911	D4e1a3
PV695912	M7b1a1+(16192)
PV695913	B4d1a
PV695914	B5b3b
PV695915	F1d
PV695916	G2a1f
PV695917	M8a2
PV695918	D4a7
PV695919	D4a1
PV695920	B4a1c1a
PV695921	B5a2a1
PV695922	F1a1
PV695923	D4b2b2a
PV695924	B4c1b
PV695925	M7b1a1a3
PV695926	M10a1a1b1
PV695927	B5a1
PV695928	D5b1d
PV695929	N9a1
PV695930	D4j3a
PV695931	F1a1
PV695932	A15a
PV695933	D4
PV695934	R9b1b
PV695935	C4a1a4
PV695936	M9a1a3
PV695937	B6a
PV695938	F1g1
PV695939	D4f
PV695940	B4a5
PV695941	D4a
PV695942	N9a1
PV695943	Z3
PV695944	N9a10+16311
PV695945	D4g2a1
PV695946	B4g2
PV695947	D4j3a
PV695948	M8a2
PV695949	D4e1
PV695950	F1f
PV695951	D4b2b
PV695952	G2a1+16189+16194
PV695953	B5a1a
PV695954	D4j
PV695955	B4a1c4
PV695956	M7c1a3
PV695957	M7b1a2
PV695958	R9b1b
PV695959	N9a10+16311
PV695960	A15a
PV695961	B4c1b2c2
PV695962	D4b2b
PV695963	F1d
PV695964	M7b1a1+(16192)
PV695965	B4d1
PV695966	G1a
PV695967	A11+16234
PV695968	F1a1a
PV695969	D4b2b
PV695970	D5a2a+16092
PV695971	M7b1a1a3
PV695972	M7b1a1
PV695973	F1f
PV695974	M7b1a1f
PV695975	F1a
PV695976	A5b1b
PV695977	D4
PV695978	D4e1a
PV695979	B4b1a2a
PV695980	A25
PV695981	B4d1
PX366772	R9b1a3
PX366788	D5a2a1+@16172
PX366816	M7b1a1a3
PX366857	D4+195
PX366871	D4b2b5
PX366892	B4d1'2'3
PX366918	D4b2b
PX366965	B4'5
PX367023	R
Q0012	C4a2a1
Q0022	B5b5
Q0050	G2b1a
Q0098	A15a
Q0157	C7a
Q0222	F1c1a1
Q0294	N9a1
Q0322	R9c1b1
Q0466	F1a1a
Q0490	F1c
Q0656	F1a1a
Q0729	M9a1a1
Q0903	M7b1a1+(16192)
Q0988	A5
Q1095	M7b1a1+(16192)
Q1128	B5a1a
Q1163	D5a2a1+@16172
Q1230	F3a1
Q1335	D4e3
Q1361	M71a
Q1371	R9b1a3
Q1402	M7b1a1b
Q1490	G3a2+152
Q1563	M20
Q1575	B5a1c1
Q1628	R9c1b1
Q1688	A15a
Q1694	R22
Q1848	M9b
RSRS	#N/A
SD003	D5c2
SD030	D4g2a1a
SD049	A+152+16362
SD108	D4a1
SD231	Z4a
SPF078	A+152+16362+200
SPF081	M9a1b1
SPF120	A+152+16362+200
SPF134	R32
SPF135	A+152+16362+200
SPF138	C4a1a1a
SPF155	R32
SPF182	M9a1b1
SPF193	G3b
SPF201	A+152+16362+200
SPF206	A+152+16362+200
SPF247	A15c1
SPF282	M9a1b1
SPF349	M62b2
SPF389	A+152+16362+200
SPF395	D4b2b
SPF412	M9a1b1
SPM057	M13a2
SPM074	A+152+16362+200
SPM090	M9a1a1c1b1a
SPM107	R32
SPM116	R32
SPM148	R32
SPM171	A+152+16362+200
SPM173	A+152+16362+200
SPM174	M62b2
SPM177	A+152+16362+200
SPM181	M9a1b1
SPM183	F1d
SPM187	R32
SPM188	G3b
SPM189	M9a1b1
SPM211	M9a1a2
SPM248	M9a1b+150
SPM265	A+152+16362+200
SPM267	M9a1b1
sz0000006A	F3a1
sz0000062A	F1g
SZ01132I	D5b3
sz8608864fA	G2b1a
VH105C	F1a1a1
VH10C	N9a6
VH160C	B5a1a
VH56C	B4c1b2a
WDC11804190026	B4a5
WDC11804190034	B5a1c1a
WDC11804190042	M7b1a1a3
WDC11804190044	F1a2
WDC11804190076	F4a2
WDC11804190079	B5a1c1a
WDC11804190080	F1a1a
WDC11804190082	M7b1a1a2
WDC11804190088	B5a1c1a1
WDC11804190116	B5a1c
WDC11804190117	B5a1c1a
WDC11806290061	M13a1b
WDC11806290062	F1g
WDC11806290086	G2b1b
WDC11806290096	Z3a
WDC11806290099	M9a1b1
WDC11806290119	A14
WDC11806290135	D4j1a2
WDC11806290157	N9a3
WDC11806290161	B5b4
WDC11806290166	B5a1b1
WDC11806290177	R9c1a
xiaoyaxin	C7
xumengchenmu	D5b4
zhangcaiqing	D5a2a+16092
zhouliushuruimu	F2a1
