"SampleID"	"Haplogroup"	"Rank"	"Quality"	"Range"	"Not_Found_Polys"	"Found_Polys"	"Remaining_Polys"	"AAC_In_Remainings"	"Input_Sample"
"HG00140"	"H4a1a4"	"1"	"1.0000"	"70 93 125 197 215 217 236 285 293 295 418 456 477 482 489 499 606 629 710 711 921 951 1005 1018 1041 1048 1243 1382 1393 1406 1413 1438 1442 1664 1694 1700 1703 1706 1709 1717 1719 1721 1811 1842 1888 2056 2158 2218 2259 2283 2332 2352 2358 2416 2417 2755 2758 2768 2772 2880 2885 3010 3027 3116 3203 3206 3210 3316 3338 3348 3384 3394 3396 3398 3434 3497 3547 3571 3644 3705 3720 3736 3746 3826 3866 3915 3918 3970 3992 4023 4025 4093 4129 4164 4335 4336 4363 4491 4732 4833 4883 4917 4977 5004 5108 5301 5331 5442 5460 5495 5814 5999 6045 6047 6248 6253 6260 6261 6267 6285 6392 6446 6480 6663 6680 7028 7142 7175 7476 7598 7684 7697 7759 7853 7859 7861 7870 7972 8020 8404 8414 8417 8460 8478 8502 8594 8616 8684 8793 8857 8869 8875 8896 8923 8946 8964 9053 9064 9072 9093 9098 9128 9142 9150 9156 9377 9458 9477 9540 9667 9682 9804 9855 9903 9966 10007 10031 10034 10044 10084 10086 10143 10321 10345 10398 10463 10550 10589 10607 10609 10640 10688 11025 11061 11083 11172 11177 11204 11215 11251 11253 11377 11467 11536 11560 11696 11899 11914 11963 11969 11984 12236 12248 12285 12308 12397 12454 12498 12542 12630 12669 12705 12771 12811 12820 12822 12882 12940 13105 13135 13183 13263 13276 13477 13708 13780 13789 13880 13924 13933 13942 13958 13966 13981 14000 14025 14053 14059 14133 14148 14178 14182 14258 14318 14323 14417 14433 14502 14544 14569 14793 14798 14861 14872 14890 14893 14927 14978 14979 15038 15043 15071 15077 15110 15119 15148 15172 15204 15218 15236 15257 15263 15311 15314 15323 15326 15381 15402 15431 15452 15479 15497 15514 15535 15662 15670 15672 15693 15758 15784 15812 15824 15849 15860 15889 15904 15905 15907 15924 15939 15940 15941 15942 15946 15951 15978 16017 16051 16147 16162 16163 16167 16317 16391 16400 16482"	""	"1438G 3992T 5004C 14569A 15326G"	""	""	"1438G 3992T 5004C 14569A 15326G"
"HG00178"	"H13a"	"1"	"1.0000"	"70 93 125 197 215 217 236 285 293 295 418 456 477 482 489 499 606 629 710 711 921 951 1005 1018 1041 1048 1243 1382 1393 1406 1413 1438 1442 1664 1694 1700 1703 1706 1709 1717 1719 1721 1811 1842 1888 2056 2158 2218 2259 2283 2332 2352 2358 2416 2417 2755 2758 2768 2772 2880 2885 3010 3027 3116 3203 3206 3210 3316 3338 3348 3384 3394 3396 3398 3434 3497 3547 3571 3644 3705 3720 3736 3746 3826 3866 3915 3918 3970 3992 4023 4025 4093 4129 4164 4335 4336 4363 4491 4732 4833 4883 4917 4977 5004 5108 5301 5331 5442 5460 5495 5814 5999 6045 6047 6248 6253 6260 6261 6267 6285 6392 6446 6480 6663 6680 7028 7142 7175 7476 7598 7684 7697 7759 7853 7859 7861 7870 7972 8020 8404 8414 8417 8460 8478 8502 8594 8616 8684 8793 8857 8869 8875 8896 8923 8946 8964 9053 9064 9072 9093 9098 9128 9142 9150 9156 9377 9458 9477 9540 9667 9682 9804 9855 9903 9966 10007 10031 10034 10044 10084 10086 10143 10321 10345 10398 10463 10550 10589 10607 10609 10640 10688 11025 11061 11083 11172 11177 11204 11215 11251 11253 11377 11467 11536 11560 11696 11899 11914 11963 11969 11984 12236 12248 12285 12308 12397 12454 12498 12542 12630 12669 12705 12771 12811 12820 12822 12882 12940 13105 13135 13183 13263 13276 13477 13708 13780 13789 13880 13924 13933 13942 13958 13966 13981 14000 14025 14053 14059 14133 14148 14178 14182 14258 14318 14323 14417 14433 14502 14544 14569 14793 14798 14861 14872 14890 14893 14927 14978 14979 15038 15043 15071 15077 15110 15119 15148 15172 15204 15218 15236 15257 15263 15311 15314 15323 15326 15381 15402 15431 15452 15479 15497 15514 15535 15662 15670 15672 15693 15758 15784 15812 15824 15849 15860 15889 15904 15905 15907 15924 15939 15940 15941 15942 15946 15951 15978 16017 16051 16147 16162 16163 16167 16317 16391 16400 16482"	""	"1438G 2259T 14872T 15326G"	""	""	"1438G 2259T 14872T 15326G"
"HG00356"	"T"	"1"	"1.0000"	"70 93 125 197 215 217 236 285 293 295 418 456 477 482 489 499 606 629 710 711 921 951 1005 1018 1041 1048 1243 1382 1393 1406 1413 1438 1442 1664 1694 1700 1703 1706 1709 1717 1719 1721 1811 1842 1888 2056 2158 2218 2259 2283 2332 2352 2358 2416 2417 2755 2758 2768 2772 2880 2885 3010 3027 3116 3203 3206 3210 3316 3338 3348 3384 3394 3396 3398 3434 3497 3547 3571 3644 3705 3720 3736 3746 3826 3866 3915 3918 3970 3992 4023 4025 4093 4129 4164 4335 4336 4363 4491 4732 4833 4883 4917 4977 5004 5108 5301 5331 5442 5460 5495 5814 5999 6045 6047 6248 6253 6260 6261 6267 6285 6392 6446 6480 6663 6680 7028 7142 7175 7476 7598 7684 7697 7759 7853 7859 7861 7870 7972 8020 8404 8414 8417 8460 8478 8502 8594 8616 8684 8793 8857 8869 8875 8896 8923 8946 8964 9053 9064 9072 9093 9098 9128 9142 9150 9156 9377 9458 9477 9540 9667 9682 9804 9855 9903 9966 10007 10031 10034 10044 10084 10086 10143 10321 10345 10398 10463 10550 10589 10607 10609 10640 10688 11025 11061 11083 11172 11177 11204 11215 11251 11253 11377 11467 11536 11560 11696 11899 11914 11963 11969 11984 12236 12248 12285 12308 12397 12454 12498 12542 12630 12669 12705 12771 12811 12820 12822 12882 12940 13105 13135 13183 13263 13276 13477 13708 13780 13789 13880 13924 13933 13942 13958 13966 13981 14000 14025 14053 14059 14133 14148 14178 14182 14258 14318 14323 14417 14433 14502 14544 14569 14793 14798 14861 14872 14890 14893 14927 14978 14979 15038 15043 15071 15077 15110 15119 15148 15172 15204 15218 15236 15257 15263 15311 15314 15323 15326 15381 15402 15431 15452 15479 15497 15514 15535 15662 15670 15672 15693 15758 15784 15812 15824 15849 15860 15889 15904 15905 15907 15924 15939 15940 15941 15942 15946 15951 15978 16017 16051 16147 16162 16163 16167 16317 16391 16400 16482"	""	"1438G 1888A 4917G 7028T 10463C 11251G 15326G 15452A"	""	""	"1438G 1888A 4917G 7028T 10463C 11251G 15326G 15452A"
"HG00365"	"H1c"	"1"	"1.0000"	"70 93 125 197 215 217 236 285 293 295 418 456 477 482 489 499 606 629 710 711 921 951 1005 1018 1041 1048 1243 1382 1393 1406 1413 1438 1442 1664 1694 1700 1703 1706 1709 1717 1719 1721 1811 1842 1888 2056 2158 2218 2259 2283 2332 2352 2358 2416 2417 2755 2758 2768 2772 2880 2885 3010 3027 3116 3203 3206 3210 3316 3338 3348 3384 3394 3396 3398 3434 3497 3547 3571 3644 3705 3720 3736 3746 3826 3866 3915 3918 3970 3992 4023 4025 4093 4129 4164 4335 4336 4363 4491 4732 4833 4883 4917 4977 5004 5108 5301 5331 5442 5460 5495 5814 5999 6045 6047 6248 6253 6260 6261 6267 6285 6392 6446 6480 6663 6680 7028 7142 7175 7476 7598 7684 7697 7759 7853 7859 7861 7870 7972 8020 8404 8414 8417 8460 8478 8502 8594 8616 8684 8793 8857 8869 8875 8896 8923 8946 8964 9053 9064 9072 9093 9098 9128 9142 9150 9156 9377 9458 9477 9540 9667 9682 9804 9855 9903 9966 10007 10031 10034 10044 10084 10086 10143 10321 10345 10398 10463 10550 10589 10607 10609 10640 10688 11025 11061 11083 11172 11177 11204 11215 11251 11253 11377 11467 11536 11560 11696 11899 11914 11963 11969 11984 12236 12248 12285 12308 12397 12454 12498 12542 12630 12669 12705 12771 12811 12820 12822 12882 12940 13105 13135 13183 13263 13276 13477 13708 13780 13789 13880 13924 13933 13942 13958 13966 13981 14000 14025 14053 14059 14133 14148 14178 14182 14258 14318 14323 14417 14433 14502 14544 14569 14793 14798 14861 14872 14890 14893 14927 14978 14979 15038 15043 15071 15077 15110 15119 15148 15172 15204 15218 15236 15257 15263 15311 15314 15323 15326 15381 15402 15431 15452 15479 15497 15514 15535 15662 15670 15672 15693 15758 15784 15812 15824 15849 15860 15889 15904 15905 15907 15924 15939 15940 15941 15942 15946 15951 15978 16017 16051 16147 16162 16163 16167 16317 16391 16400 16482"	""	"477C 1438G 3010A 15326G"	""	""	"477C 1438G 3010A 15326G"
"HG00513"	"R11"	"1"	"1.0000"	"70 93 125 197 215 217 236 285 293 295 418 456 477 482 489 499 606 629 710 711 921 951 1005 1018 1041 1048 1243 1382 1393 1406 1413 1438 1442 1664 1694 1700 1703 1706 1709 1717 1719 1721 1811 1842 1888 2056 2158 2218 2259 2283 2332 2352 2358 2416 2417 2755 2758 2768 2772 2880 2885 3010 3027 3116 3203 3206 3210 3316 3338 3348 3384 3394 3396 3398 3434 3497 3547 3571 3644 3705 3720 3736 3746 3826 3866 3915 3918 3970 3992 4023 4025 4093 4129 4164 4335 4336 4363 4491 4732 4833 4883 4917 4977 5004 5108 5301 5331 5442 5460 5495 5814 5999 6045 6047 6248 6253 6260 6261 6267 6285 6392 6446 6480 6663 6680 7028 7142 7175 7476 7598 7684 7697 7759 7853 7859 7861 7870 7972 8020 8404 8414 8417 8460 8478 8502 8594 8616 8684 8793 8857 8869 8875 8896 8923 8946 8964 9053 9064 9072 9093 9098 9128 9142 9150 9156 9377 9458 9477 9540 9667 9682 9804 9855 9903 9966 10007 10031 10034 10044 10084 10086 10143 10321 10345 10398 10463 10550 10589 10607 10609 10640 10688 11025 11061 11083 11172 11177 11204 11215 11251 11253 11377 11467 11536 11560 11696 11899 11914 11963 11969 11984 12236 12248 12285 12308 12397 12454 12498 12542 12630 12669 12705 12771 12811 12820 12822 12882 12940 13105 13135 13183 13263 13276 13477 13708 13780 13789 13880 13924 13933 13942 13958 13966 13981 14000 14025 14053 14059 14133 14148 14178 14182 14258 14318 14323 14417 14433 14502 14544 14569 14793 14798 14861 14872 14890 14893 14927 14978 14979 15038 15043 15071 15077 15110 15119 15148 15172 15204 15218 15236 15257 15263 15311 15314 15323 15326 15381 15402 15431 15452 15479 15497 15514 15535 15662 15670 15672 15693 15758 15784 15812 15824 15849 15860 15889 15904 15905 15907 15924 15939 15940 15941 15942 15946 15951 15978 16017 16051 16147 16162 16163 16167 16317 16391 16400 16482"	""	"1438G 7028T 10031C 10398G 11061T 15326G"	""	""	"1438G 7028T 10031C 10398G 11061T 15326G"
"HG00599"	"HV"	"1"	"1.0000"	"70 93 125 197 215 217 236 285 293 295 418 456 477 482 489 499 606 629 710 711 921 951 1005 1018 1041 1048 1243 1382 1393 1406 1413 1438 1442 1664 1694 1700 1703 1706 1709 1717 1719 1721 1811 1842 1888 2056 2158 2218 2259 2283 2332 2352 2358 2416 2417 2755 2758 2768 2772 2880 2885 3010 3027 3116 3203 3206 3210 3316 3338 3348 3384 3394 3396 3398 3434 3497 3547 3571 3644 3705 3720 3736 3746 3826 3866 3915 3918 3970 3992 4023 4025 4093 4129 4164 4335 4336 4363 4491 4732 4833 4883 4917 4977 5004 5108 5301 5331 5442 5460 5495 5814 5999 6045 6047 6248 6253 6260 6261 6267 6285 6392 6446 6480 6663 6680 7028 7142 7175 7476 7598 7684 7697 7759 7853 7859 7861 7870 7972 8020 8404 8414 8417 8460 8478 8502 8594 8616 8684 8793 8857 8869 8875 8896 8923 8946 8964 9053 9064 9072 9093 9098 9128 9142 9150 9156 9377 9458 9477 9540 9667 9682 9804 9855 9903 9966 10007 10031 10034 10044 10084 10086 10143 10321 10345 10398 10463 10550 10589 10607 10609 10640 10688 11025 11061 11083 11172 11177 11204 11215 11251 11253 11377 11467 11536 11560 11696 11899 11914 11963 11969 11984 12236 12248 12285 12308 12397 12454 12498 12542 12630 12669 12705 12771 12811 12820 12822 12882 12940 13105 13135 13183 13263 13276 13477 13708 13780 13789 13880 13924 13933 13942 13958 13966 13981 14000 14025 14053 14059 14133 14148 14178 14182 14258 14318 14323 14417 14433 14502 14544 14569 14793 14798 14861 14872 14890 14893 14927 14978 14979 15038 15043 15071 15077 15110 15119 15148 15172 15204 15218 15236 15257 15263 15311 15314 15323 15326 15381 15402 15431 15452 15479 15497 15514 15535 15662 15670 15672 15693 15758 15784 15812 15824 15849 15860 15889 15904 15905 15907 15924 15939 15940 15941 15942 15946 15951 15978 16017 16051 16147 16162 16163 16167 16317 16391 16400 16482"	""	"1438G 7028T 15326G"	""	""	"1438G 7028T 15326G"
"HG00629"	"D4"	"1"	"1.0000"	"70 93 125 197 215 217 236 285 293 295 418 456 477 482 489 499 606 629 710 711 921 951 1005 1018 1041 1048 1243 1382 1393 1406 1413 1438 1442 1664 1694 1700 1703 1706 1709 1717 1719 1721 1811 1842 1888 2056 2158 2218 2259 2283 2332 2352 2358 2416 2417 2755 2758 2768 2772 2880 2885 3010 3027 3116 3203 3206 3210 3316 3338 3348 3384 3394 3396 3398 3434 3497 3547 3571 3644 3705 3720 3736 3746 3826 3866 3915 3918 3970 3992 4023 4025 4093 4129 4164 4335 4336 4363 4491 4732 4833 4883 4917 4977 5004 5108 5301 5331 5442 5460 5495 5814 5999 6045 6047 6248 6253 6260 6261 6267 6285 6392 6446 6480 6663 6680 7028 7142 7175 7476 7598 7684 7697 7759 7853 7859 7861 7870 7972 8020 8404 8414 8417 8460 8478 8502 8594 8616 8684 8793 8857 8869 8875 8896 8923 8946 8964 9053 9064 9072 9093 9098 9128 9142 9150 9156 9377 9458 9477 9540 9667 9682 9804 9855 9903 9966 10007 10031 10034 10044 10084 10086 10143 10321 10345 10398 10463 10550 10589 10607 10609 10640 10688 11025 11061 11083 11172 11177 11204 11215 11251 11253 11377 11467 11536 11560 11696 11899 11914 11963 11969 11984 12236 12248 12285 12308 12397 12454 12498 12542 12630 12669 12705 12771 12811 12820 12822 12882 12940 13105 13135 13183 13263 13276 13477 13708 13780 13789 13880 13924 13933 13942 13958 13966 13981 14000 14025 14053 14059 14133 14148 14178 14182 14258 14318 14323 14417 14433 14502 14544 14569 14793 14798 14861 14872 14890 14893 14927 14978 14979 15038 15043 15071 15077 15110 15119 15148 15172 15204 15218 15236 15257 15263 15311 15314 15323 15326 15381 15402 15431 15452 15479 15497 15514 15535 15662 15670 15672 15693 15758 15784 15812 15824 15849 15860 15889 15904 15905 15907 15924 15939 15940 15941 15942 15946 15951 15978 16017 16051 16147 16162 16163 16167 16317 16391 16400 16482"	""	"489C 1438G 3010A 4883T 7028T 8414T 9540C 10398G 12705T 15043A 15326G"	""	""	"489C 1438G 3010A 4883T 7028T 8414T 9540C 10398G 12705T 15043A 15326G"
"HG01119"	"N"	"1"	"1.0000"	"70 93 125 197 215 217 236 285 293 295 418 456 477 482 489 499 606 629 710 711 921 951 1005 1018 1041 1048 1243 1382 1393 1406 1413 1438 1442 1664 1694 1700 1703 1706 1709 1717 1719 1721 1811 1842 1888 2056 2158 2218 2259 2283 2332 2352 2358 2416 2417 2755 2758 2768 2772 2880 2885 3010 3027 3116 3203 3206 3210 3316 3338 3348 3384 3394 3396 3398 3434 3497 3547 3571 3644 3705 3720 3736 3746 3826 3866 3915 3918 3970 3992 4023 4025 4093 4129 4164 4335 4336 4363 4491 4732 4833 4883 4917 4977 5004 5108 5301 5331 5442 5460 5495 5814 5999 6045 6047 6248 6253 6260 6261 6267 6285 6392 6446 6480 6663 6680 7028 7142 7175 7476 7598 7684 7697 7759 7853 7859 7861 7870 7972 8020 8404 8414 8417 8460 8478 8502 8594 8616 8684 8793 8857 8869 8875 8896 8923 8946 8964 9053 9064 9072 9093 9098 9128 9142 9150 9156 9377 9458 9477 9540 9667 9682 9804 9855 9903 9966 10007 10031 10034 10044 10084 10086 10143 10321 10345 10398 10463 10550 10589 10607 10609 10640 10688 11025 11061 11083 11172 11177 11204 11215 11251 11253 11377 11467 11536 11560 11696 11899 11914 11963 11969 11984 12236 12248 12285 12308 12397 12454 12498 12542 12630 12669 12705 12771 12811 12820 12822 12882 12940 13105 13135 13183 13263 13276 13477 13708 13780 13789 13880 13924 13933 13942 13958 13966 13981 14000 14025 14053 14059 14133 14148 14178 14182 14258 14318 14323 14417 14433 14502 14544 14569 14793 14798 14861 14872 14890 14893 14927 14978 14979 15038 15043 15071 15077 15110 15119 15148 15172 15204 15218 15236 15257 15263 15311 15314 15323 15326 15381 15402 15431 15452 15479 15497 15514 15535 15662 15670 15672 15693 15758 15784 15812 15824 15849 15860 15889 15904 15905 15907 15924 15939 15940 15941 15942 15946 15951 15978 16017 16051 16147 16162 16163 16167 16317 16391 16400 16482"	""	"1438G 7028T 12705T 15326G"	""	""	"1438G 7028T 12705T 15326G"
"HG01284"	"N"	"1"	"0.9202"	"70 93 125 197 215 217 236 285 293 295 418 456 477 482 489 499 606 629 710 711 921 951 1005 1018 1041 1048 1243 1382 1393 1406 1413 1438 1442 1664 1694 1700 1703 1706 1709 1717 1719 1721 1811 1842 1888 2056 2158 2218 2259 2283 2332 2352 2358 2416 2417 2755 2758 2768 2772 2880 2885 3010 3027 3116 3203 3206 3210 3316 3338 3348 3384 3394 3396 3398 3434 3497 3547 3571 3644 3705 3720 3736 3746 3826 3866 3915 3918 3970 3992 4023 4025 4093 4129 4164 4335 4336 4363 4491 4732 4833 4883 4917 4977 5004 5108 5301 5331 5442 5460 5495 5814 5999 6045 6047 6248 6253 6260 6261 6267 6285 6392 6446 6480 6663 6680 7028 7142 7175 7476 7598 7684 7697 7759 7853 7859 7861 7870 7972 8020 8404 8414 8417 8460 8478 8502 8594 8616 8684 8793 8857 8869 8875 8896 8923 8946 8964 9053 9064 9072 9093 9098 9128 9142 9150 9156 9377 9458 9477 9540 9667 9682 9804 9855 9903 9966 10007 10031 10034 10044 10084 10086 10143 10321 10345 10398 10463 10550 10589 10607 10609 10640 10688 11025 11061 11083 11172 11177 11204 11215 11251 11253 11377 11467 11536 11560 11696 11899 11914 11963 11969 11984 12236 12248 12285 12308 12397 12454 12498 12542 12630 12669 12705 12771 12811 12820 12822 12882 12940 13105 13135 13183 13263 13276 13477 13708 13780 13789 13880 13924 13933 13942 13958 13966 13981 14000 14025 14053 14059 14133 14148 14178 14182 14258 14318 14323 14417 14433 14502 14544 14569 14793 14798 14861 14872 14890 14893 14927 14978 14979 15038 15043 15071 15077 15110 15119 15148 15172 15204 15218 15236 15257 15263 15311 15314 15323 15326 15381 15402 15431 15452 15479 15497 15514 15535 15662 15670 15672 15693 15758 15784 15812 15824 15849 15860 15889 15904 15905 15907 15924 15939 15940 15941 15942 15946 15951 15978 16017 16051 16147 16162 16163 16167 16317 16391 16400 16482"	""	"1438G 7028T 12705T 15326G"	"9098C (localPrivateMutation)"	"9098C [I191T| Codon 2 | ATP6 ]"	"1438G 7028T 9098C 12705T 15326G"
"HG01372"	"N"	"1"	"0.9000"	"70 93 125 197 215 217 236 285 293 295 418 456 477 482 489 499 606 629 710 711 921 951 1005 1018 1041 1048 1243 1382 1393 1406 1413 1438 1442 1664 1694 1700 1703 1706 1709 1717 1719 1721 1811 1842 1888 2056 2158 2218 2259 2283 2332 2352 2358 2416 2417 2755 2758 2768 2772 2880 2885 3010 3027 3116 3203 3206 3210 3316 3338 3348 3384 3394 3396 3398 3434 3497 3547 3571 3644 3705 3720 3736 3746 3826 3866 3915 3918 3970 3992 4023 4025 4093 4129 4164 4335 4336 4363 4491 4732 4833 4883 4917 4977 5004 5108 5301 5331 5442 5460 5495 5814 5999 6045 6047 6248 6253 6260 6261 6267 6285 6392 6446 6480 6663 6680 7028 7142 7175 7476 7598 7684 7697 7759 7853 7859 7861 7870 7972 8020 8404 8414 8417 8460 8478 8502 8594 8616 8684 8793 8857 8869 8875 8896 8923 8946 8964 9053 9064 9072 9093 9098 9128 9142 9150 9156 9377 9458 9477 9540 9667 9682 9804 9855 9903 9966 10007 10031 10034 10044 10084 10086 10143 10321 10345 10398 10463 10550 10589 10607 10609 10640 10688 11025 11061 11083 11172 11177 11204 11215 11251 11253 11377 11467 11536 11560 11696 11899 11914 11963 11969 11984 12236 12248 12285 12308 12397 12454 12498 12542 12630 12669 12705 12771 12811 12820 12822 12882 12940 13105 13135 13183 13263 13276 13477 13708 13780 13789 13880 13924 13933 13942 13958 13966 13981 14000 14025 14053 14059 14133 14148 14178 14182 14258 14318 14323 14417 14433 14502 14544 14569 14793 14798 14861 14872 14890 14893 14927 14978 14979 15038 15043 15071 15077 15110 15119 15148 15172 15204 15218 15236 15257 15263 15311 15314 15323 15326 15381 15402 15431 15452 15479 15497 15514 15535 15662 15670 15672 15693 15758 15784 15812 15824 15849 15860 15889 15904 15905 15907 15924 15939 15940 15941 15942 15946 15951 15978 16017 16051 16147 16162 16163 16167 16317 16391 16400 16482"	""	"1438G 7028T 12705T 15326G"	"7142C (localPrivateMutation)"	""	"1438G 7028T 7142C 12705T 15326G"
"HG01597"	"F1"	"1"	"1.0000"	"70 93 125 197 215 217 236 285 293 295 418 456 477 482 489 499 606 629 710 711 921 951 1005 1018 1041 1048 1243 1382 1393 1406 1413 1438 1442 1664 1694 1700 1703 1706 1709 1717 1719 1721 1811 1842 1888 2056 2158 2218 2259 2283 2332 2352 2358 2416 2417 2755 2758 2768 2772 2880 2885 3010 3027 3116 3203 3206 3210 3316 3338 3348 3384 3394 3396 3398 3434 3497 3547 3571 3644 3705 3720 3736 3746 3826 3866 3915 3918 3970 3992 4023 4025 4093 4129 4164 4335 4336 4363 4491 4732 4833 4883 4917 4977 5004 5108 5301 5331 5442 5460 5495 5814 5999 6045 6047 6248 6253 6260 6261 6267 6285 6392 6446 6480 6663 6680 7028 7142 7175 7476 7598 7684 7697 7759 7853 7859 7861 7870 7972 8020 8404 8414 8417 8460 8478 8502 8594 8616 8684 8793 8857 8869 8875 8896 8923 8946 8964 9053 9064 9072 9093 9098 9128 9142 9150 9156 9377 9458 9477 9540 9667 9682 9804 9855 9903 9966 10007 10031 10034 10044 10084 10086 10143 10321 10345 10398 10463 10550 10589 10607 10609 10640 10688 11025 11061 11083 11172 11177 11204 11215 11251 11253 11377 11467 11536 11560 11696 11899 11914 11963 11969 11984 12236 12248 12285 12308 12397 12454 12498 12542 12630 12669 12705 12771 12811 12820 12822 12882 12940 13105 13135 13183 13263 13276 13477 13708 13780 13789 13880 13924 13933 13942 13958 13966 13981 14000 14025 14053 14059 14133 14148 14178 14182 14258 14318 14323 14417 14433 14502 14544 14569 14793 14798 14861 14872 14890 14893 14927 14978 14979 15038 15043 15071 15077 15110 15119 15148 15172 15204 15218 15236 15257 15263 15311 15314 15323 15326 15381 15402 15431 15452 15479 15497 15514 15535 15662 15670 15672 15693 15758 15784 15812 15824 15849 15860 15889 15904 15905 15907 15924 15939 15940 15941 15942 15946 15951 15978 16017 16051 16147 16162 16163 16167 16317 16391 16400 16482"	""	"1438G 3970T 6392C 7028T 10609C 12882T 15326G"	""	""	"1438G 3970T 6392C 7028T 10609C 12882T 15326G"
"HG01630"	"H"	"1"	"1.0000"	"70 93 125 197 215 217 236 285 293 295 418 456 477 482 489 499 606 629 710 711 921 951 1005 1018 1041 1048 1243 1382 1393 1406 1413 1438 1442 1664 1694 1700 1703 1706 1709 1717 1719 1721 1811 1842 1888 2056 2158 2218 2259 2283 2332 2352 2358 2416 2417 2755 2758 2768 2772 2880 2885 3010 3027 3116 3203 3206 3210 3316 3338 3348 3384 3394 3396 3398 3434 3497 3547 3571 3644 3705 3720 3736 3746 3826 3866 3915 3918 3970 3992 4023 4025 4093 4129 4164 4335 4336 4363 4491 4732 4833 4883 4917 4977 5004 5108 5301 5331 5442 5460 5495 5814 5999 6045 6047 6248 6253 6260 6261 6267 6285 6392 6446 6480 6663 6680 7028 7142 7175 7476 7598 7684 7697 7759 7853 7859 7861 7870 7972 8020 8404 8414 8417 8460 8478 8502 8594 8616 8684 8793 8857 8869 8875 8896 8923 8946 8964 9053 9064 9072 9093 9098 9128 9142 9150 9156 9377 9458 9477 9540 9667 9682 9804 9855 9903 9966 10007 10031 10034 10044 10084 10086 10143 10321 10345 10398 10463 10550 10589 10607 10609 10640 10688 11025 11061 11083 11172 11177 11204 11215 11251 11253 11377 11467 11536 11560 11696 11899 11914 11963 11969 11984 12236 12248 12285 12308 12397 12454 12498 12542 12630 12669 12705 12771 12811 12820 12822 12882 12940 13105 13135 13183 13263 13276 13477 13708 13780 13789 13880 13924 13933 13942 13958 13966 13981 14000 14025 14053 14059 14133 14148 14178 14182 14258 14318 14323 14417 14433 14502 14544 14569 14793 14798 14861 14872 14890 14893 14927 14978 14979 15038 15043 15071 15077 15110 15119 15148 15172 15204 15218 15236 15257 15263 15311 15314 15323 15326 15381 15402 15431 15452 15479 15497 15514 15535 15662 15670 15672 15693 15758 15784 15812 15824 15849 15860 15889 15904 15905 15907 15924 15939 15940 15941 15942 15946 15951 15978 16017 16051 16147 16162 16163 16167 16317 16391 16400 16482"	""	"1438G 15326G"	""	""	"1438G 15326G"
"HG01631"	"H1"	"1"	"1.0000"	"70 93 125 197 215 217 236 285 293 295 418 456 477 482 489 499 606 629 710 711 921 951 1005 1018 1041 1048 1243 1382 1393 1406 1413 1438 1442 1664 1694 1700 1703 1706 1709 1717 1719 1721 1811 1842 1888 2056 2158 2218 2259 2283 2332 2352 2358 2416 2417 2755 2758 2768 2772 2880 2885 3010 3027 3116 3203 3206 3210 3316 3338 3348 3384 3394 3396 3398 3434 3497 3547 3571 3644 3705 3720 3736 3746 3826 3866 3915 3918 3970 3992 4023 4025 4093 4129 4164 4335 4336 4363 4491 4732 4833 4883 4917 4977 5004 5108 5301 5331 5442 5460 5495 5814 5999 6045 6047 6248 6253 6260 6261 6267 6285 6392 6446 6480 6663 6680 7028 7142 7175 7476 7598 7684 7697 7759 7853 7859 7861 7870 7972 8020 8404 8414 8417 8460 8478 8502 8594 8616 8684 8793 8857 8869 8875 8896 8923 8946 8964 9053 9064 9072 9093 9098 9128 9142 9150 9156 9377 9458 9477 9540 9667 9682 9804 9855 9903 9966 10007 10031 10034 10044 10084 10086 10143 10321 10345 10398 10463 10550 10589 10607 10609 10640 10688 11025 11061 11083 11172 11177 11204 11215 11251 11253 11377 11467 11536 11560 11696 11899 11914 11963 11969 11984 12236 12248 12285 12308 12397 12454 12498 12542 12630 12669 12705 12771 12811 12820 12822 12882 12940 13105 13135 13183 13263 13276 13477 13708 13780 13789 13880 13924 13933 13942 13958 13966 13981 14000 14025 14053 14059 14133 14148 14178 14182 14258 14318 14323 14417 14433 14502 14544 14569 14793 14798 14861 14872 14890 14893 14927 14978 14979 15038 15043 15071 15077 15110 15119 15148 15172 15204 15218 15236 15257 15263 15311 15314 15323 15326 15381 15402 15431 15452 15479 15497 15514 15535 15662 15670 15672 15693 15758 15784 15812 15824 15849 15860 15889 15904 15905 15907 15924 15939 15940 15941 15942 15946 15951 15978 16017 16051 16147 16162 16163 16167 16317 16391 16400 16482"	""	"1438G 3010A 15326G"	""	""	"1438G 3010A 15326G"
"HG01844"	"D4a7"	"1"	"1.0000"	"70 93 125 197 215 217 236 285 293 295 418 456 477 482 489 499 606 629 710 711 921 951 1005 1018 1041 1048 1243 1382 1393 1406 1413 1438 1442 1664 1694 1700 1703 1706 1709 1717 1719 1721 1811 1842 1888 2056 2158 2218 2259 2283 2332 2352 2358 2416 2417 2755 2758 2768 2772 2880 2885 3010 3027 3116 3203 3206 3210 3316 3338 3348 3384 3394 3396 3398 3434 3497 3547 3571 3644 3705 3720 3736 3746 3826 3866 3915 3918 3970 3992 4023 4025 4093 4129 4164 4335 4336 4363 4491 4732 4833 4883 4917 4977 5004 5108 5301 5331 5442 5460 5495 5814 5999 6045 6047 6248 6253 6260 6261 6267 6285 6392 6446 6480 6663 6680 7028 7142 7175 7476 7598 7684 7697 7759 7853 7859 7861 7870 7972 8020 8404 8414 8417 8460 8478 8502 8594 8616 8684 8793 8857 8869 8875 8896 8923 8946 8964 9053 9064 9072 9093 9098 9128 9142 9150 9156 9377 9458 9477 9540 9667 9682 9804 9855 9903 9966 10007 10031 10034 10044 10084 10086 10143 10321 10345 10398 10463 10550 10589 10607 10609 10640 10688 11025 11061 11083 11172 11177 11204 11215 11251 11253 11377 11467 11536 11560 11696 11899 11914 11963 11969 11984 12236 12248 12285 12308 12397 12454 12498 12542 12630 12669 12705 12771 12811 12820 12822 12882 12940 13105 13135 13183 13263 13276 13477 13708 13780 13789 13880 13924 13933 13942 13958 13966 13981 14000 14025 14053 14059 14133 14148 14178 14182 14258 14318 14323 14417 14433 14502 14544 14569 14793 14798 14861 14872 14890 14893 14927 14978 14979 15038 15043 15071 15077 15110 15119 15148 15172 15204 15218 15236 15257 15263 15311 15314 15323 15326 15381 15402 15431 15452 15479 15497 15514 15535 15662 15670 15672 15693 15758 15784 15812 15824 15849 15860 15889 15904 15905 15907 15924 15939 15940 15941 15942 15946 15951 15978 16017 16051 16147 16162 16163 16167 16317 16391 16400 16482"	""	"489C 1438G 3010A 3206T 4883T 7028T 8414T 9540C 10398G 12705T 13966G 14979C 15043A 15326G 15889C"	""	""	"489C 1438G 3010A 3206T 4883T 7028T 8414T 9540C 10398G 12705T 13966G 14979C 15043A 15326G 15889C"
"HG01866"	"B4b1c1"	"1"	"1.0000"	"70 93 125 197 215 217 236 285 293 295 418 456 477 482 489 499 606 629 710 711 921 951 1005 1018 1041 1048 1243 1382 1393 1406 1413 1438 1442 1664 1694 1700 1703 1706 1709 1717 1719 1721 1811 1842 1888 2056 2158 2218 2259 2283 2332 2352 2358 2416 2417 2755 2758 2768 2772 2880 2885 3010 3027 3116 3203 3206 3210 3316 3338 3348 3384 3394 3396 3398 3434 3497 3547 3571 3644 3705 3720 3736 3746 3826 3866 3915 3918 3970 3992 4023 4025 4093 4129 4164 4335 4336 4363 4491 4732 4833 4883 4917 4977 5004 5108 5301 5331 5442 5460 5495 5814 5999 6045 6047 6248 6253 6260 6261 6267 6285 6392 6446 6480 6663 6680 7028 7142 7175 7476 7598 7684 7697 7759 7853 7859 7861 7870 7972 8020 8404 8414 8417 8460 8478 8502 8594 8616 8684 8793 8857 8869 8875 8896 8923 8946 8964 9053 9064 9072 9093 9098 9128 9142 9150 9156 9377 9458 9477 9540 9667 9682 9804 9855 9903 9966 10007 10031 10034 10044 10084 10086 10143 10321 10345 10398 10463 10550 10589 10607 10609 10640 10688 11025 11061 11083 11172 11177 11204 11215 11251 11253 11377 11467 11536 11560 11696 11899 11914 11963 11969 11984 12236 12248 12285 12308 12397 12454 12498 12542 12630 12669 12705 12771 12811 12820 12822 12882 12940 13105 13135 13183 13263 13276 13477 13708 13780 13789 13880 13924 13933 13942 13958 13966 13981 14000 14025 14053 14059 14133 14148 14178 14182 14258 14318 14323 14417 14433 14502 14544 14569 14793 14798 14861 14872 14890 14893 14927 14978 14979 15038 15043 15071 15077 15110 15119 15148 15172 15204 15218 15236 15257 15263 15311 15314 15323 15326 15381 15402 15431 15452 15479 15497 15514 15535 15662 15670 15672 15693 15758 15784 15812 15824 15849 15860 15889 15904 15905 15907 15924 15939 15940 15941 15942 15946 15951 15978 16017 16051 16147 16162 16163 16167 16317 16391 16400 16482"	""	"499A 1438G 7028T 11914A 15326G 15535T"	""	""	"499A 1438G 7028T 11914A 15326G 15535T"
"HG01871"	"M7b1a1"	"1"	"1.0000"	"70 93 125 197 215 217 236 285 293 295 418 456 477 482 489 499 606 629 710 711 921 951 1005 1018 1041 1048 1243 1382 1393 1406 1413 1438 1442 1664 1694 1700 1703 1706 1709 1717 1719 1721 1811 1842 1888 2056 2158 2218 2259 2283 2332 2352 2358 2416 2417 2755 2758 2768 2772 2880 2885 3010 3027 3116 3203 3206 3210 3316 3338 3348 3384 3394 3396 3398 3434 3497 3547 3571 3644 3705 3720 3736 3746 3826 3866 3915 3918 3970 3992 4023 4025 4093 4129 4164 4335 4336 4363 4491 4732 4833 4883 4917 4977 5004 5108 5301 5331 5442 5460 5495 5814 5999 6045 6047 6248 6253 6260 6261 6267 6285 6392 6446 6480 6663 6680 7028 7142 7175 7476 7598 7684 7697 7759 7853 7859 7861 7870 7972 8020 8404 8414 8417 8460 8478 8502 8594 8616 8684 8793 8857 8869 8875 8896 8923 8946 8964 9053 9064 9072 9093 9098 9128 9142 9150 9156 9377 9458 9477 9540 9667 9682 9804 9855 9903 9966 10007 10031 10034 10044 10084 10086 10143 10321 10345 10398 10463 10550 10589 10607 10609 10640 10688 11025 11061 11083 11172 11177 11204 11215 11251 11253 11377 11467 11536 11560 11696 11899 11914 11963 11969 11984 12236 12248 12285 12308 12397 12454 12498 12542 12630 12669 12705 12771 12811 12820 12822 12882 12940 13105 13135 13183 13263 13276 13477 13708 13780 13789 13880 13924 13933 13942 13958 13966 13981 14000 14025 14053 14059 14133 14148 14178 14182 14258 14318 14323 14417 14433 14502 14544 14569 14793 14798 14861 14872 14890 14893 14927 14978 14979 15038 15043 15071 15077 15110 15119 15148 15172 15204 15218 15236 15257 15263 15311 15314 15323 15326 15381 15402 15431 15452 15479 15497 15514 15535 15662 15670 15672 15693 15758 15784 15812 15824 15849 15860 15889 15904 15905 15907 15924 15939 15940 15941 15942 15946 15951 15978 16017 16051 16147 16162 16163 16167 16317 16391 16400 16482"	""	"489C 1438G 4164G 5460A 6680C 7028T 7684C 7853A 9540C 10398G 12705T 12811C 15043A 15326G"	""	""	"489C 1438G 4164G 5460A 6680C 7028T 7684C 7853A 9540C 10398G 12705T 12811C 15043A 15326G"
"HG02008"	"D4"	"1"	"1.0000"	"70 93 125 197 215 217 236 285 293 295 418 456 477 482 489 499 606 629 710 711 921 951 1005 1018 1041 1048 1243 1382 1393 1406 1413 1438 1442 1664 1694 1700 1703 1706 1709 1717 1719 1721 1811 1842 1888 2056 2158 2218 2259 2283 2332 2352 2358 2416 2417 2755 2758 2768 2772 2880 2885 3010 3027 3116 3203 3206 3210 3316 3338 3348 3384 3394 3396 3398 3434 3497 3547 3571 3644 3705 3720 3736 3746 3826 3866 3915 3918 3970 3992 4023 4025 4093 4129 4164 4335 4336 4363 4491 4732 4833 4883 4917 4977 5004 5108 5301 5331 5442 5460 5495 5814 5999 6045 6047 6248 6253 6260 6261 6267 6285 6392 6446 6480 6663 6680 7028 7142 7175 7476 7598 7684 7697 7759 7853 7859 7861 7870 7972 8020 8404 8414 8417 8460 8478 8502 8594 8616 8684 8793 8857 8869 8875 8896 8923 8946 8964 9053 9064 9072 9093 9098 9128 9142 9150 9156 9377 9458 9477 9540 9667 9682 9804 9855 9903 9966 10007 10031 10034 10044 10084 10086 10143 10321 10345 10398 10463 10550 10589 10607 10609 10640 10688 11025 11061 11083 11172 11177 11204 11215 11251 11253 11377 11467 11536 11560 11696 11899 11914 11963 11969 11984 12236 12248 12285 12308 12397 12454 12498 12542 12630 12669 12705 12771 12811 12820 12822 12882 12940 13105 13135 13183 13263 13276 13477 13708 13780 13789 13880 13924 13933 13942 13958 13966 13981 14000 14025 14053 14059 14133 14148 14178 14182 14258 14318 14323 14417 14433 14502 14544 14569 14793 14798 14861 14872 14890 14893 14927 14978 14979 15038 15043 15071 15077 15110 15119 15148 15172 15204 15218 15236 15257 15263 15311 15314 15323 15326 15381 15402 15431 15452 15479 15497 15514 15535 15662 15670 15672 15693 15758 15784 15812 15824 15849 15860 15889 15904 15905 15907 15924 15939 15940 15941 15942 15946 15951 15978 16017 16051 16147 16162 16163 16167 16317 16391 16400 16482"	""	"489C 1438G 3010A 4883T 7028T 8414T 9540C 10398G 12705T 15043A 15326G"	""	""	"489C 1438G 3010A 4883T 7028T 8414T 9540C 10398G 12705T 15043A 15326G"
"HG02275"	"C"	"1"	"1.0000"	"70 93 125 197 215 217 236 285 293 295 418 456 477 482 489 499 606 629 710 711 921 951 1005 1018 1041 1048 1243 1382 1393 1406 1413 1438 1442 1664 1694 1700 1703 1706 1709 1717 1719 1721 1811 1842 1888 2056 2158 2218 2259 2283 2332 2352 2358 2416 2417 2755 2758 2768 2772 2880 2885 3010 3027 3116 3203 3206 3210 3316 3338 3348 3384 3394 3396 3398 3434 3497 3547 3571 3644 3705 3720 3736 3746 3826 3866 3915 3918 3970 3992 4023 4025 4093 4129 4164 4335 4336 4363 4491 4732 4833 4883 4917 4977 5004 5108 5301 5331 5442 5460 5495 5814 5999 6045 6047 6248 6253 6260 6261 6267 6285 6392 6446 6480 6663 6680 7028 7142 7175 7476 7598 7684 7697 7759 7853 7859 7861 7870 7972 8020 8404 8414 8417 8460 8478 8502 8594 8616 8684 8793 8857 8869 8875 8896 8923 8946 8964 9053 9064 9072 9093 9098 9128 9142 9150 9156 9377 9458 9477 9540 9667 9682 9804 9855 9903 9966 10007 10031 10034 10044 10084 10086 10143 10321 10345 10398 10463 10550 10589 10607 10609 10640 10688 11025 11061 11083 11172 11177 11204 11215 11251 11253 11377 11467 11536 11560 11696 11899 11914 11963 11969 11984 12236 12248 12285 12308 12397 12454 12498 12542 12630 12669 12705 12771 12811 12820 12822 12882 12940 13105 13135 13183 13263 13276 13477 13708 13780 13789 13880 13924 13933 13942 13958 13966 13981 14000 14025 14053 14059 14133 14148 14178 14182 14258 14318 14323 14417 14433 14502 14544 14569 14793 14798 14861 14872 14890 14893 14927 14978 14979 15038 15043 15071 15077 15110 15119 15148 15172 15204 15218 15236 15257 15263 15311 15314 15323 15326 15381 15402 15431 15452 15479 15497 15514 15535 15662 15670 15672 15693 15758 15784 15812 15824 15849 15860 15889 15904 15905 15907 15924 15939 15940 15941 15942 15946 15951 15978 16017 16051 16147 16162 16163 16167 16317 16391 16400 16482"	""	"489C 1438G 7028T 9540C 10398G 11914A 12705T 13263G 14318C 15043A 15326G"	""	""	"489C 1438G 7028T 9540C 10398G 11914A 12705T 13263G 14318C 15043A 15326G"
"HG02508"	"L2a1c"	"1"	"0.9639"	"70 93 125 197 215 217 236 285 293 295 418 456 477 482 489 499 606 629 710 711 921 951 1005 1018 1041 1048 1243 1382 1393 1406 1413 1438 1442 1664 1694 1700 1703 1706 1709 1717 1719 1721 1811 1842 1888 2056 2158 2218 2259 2283 2332 2352 2358 2416 2417 2755 2758 2768 2772 2880 2885 3010 3027 3116 3203 3206 3210 3316 3338 3348 3384 3394 3396 3398 3434 3497 3547 3571 3644 3705 3720 3736 3746 3826 3866 3915 3918 3970 3992 4023 4025 4093 4129 4164 4335 4336 4363 4491 4732 4833 4883 4917 4977 5004 5108 5301 5331 5442 5460 5495 5814 5999 6045 6047 6248 6253 6260 6261 6267 6285 6392 6446 6480 6663 6680 7028 7142 7175 7476 7598 7684 7697 7759 7853 7859 7861 7870 7972 8020 8404 8414 8417 8460 8478 8502 8594 8616 8684 8793 8857 8869 8875 8896 8923 8946 8964 9053 9064 9072 9093 9098 9128 9142 9150 9156 9377 9458 9477 9540 9667 9682 9804 9855 9903 9966 10007 10031 10034 10044 10084 10086 10143 10321 10345 10398 10463 10550 10589 10607 10609 10640 10688 11025 11061 11083 11172 11177 11204 11215 11251 11253 11377 11467 11536 11560 11696 11899 11914 11963 11969 11984 12236 12248 12285 12308 12397 12454 12498 12542 12630 12669 12705 12771 12811 12820 12822 12882 12940 13105 13135 13183 13263 13276 13477 13708 13780 13789 13880 13924 13933 13942 13958 13966 13981 14000 14025 14053 14059 14133 14148 14178 14182 14258 14318 14323 14417 14433 14502 14544 14569 14793 14798 14861 14872 14890 14893 14927 14978 14979 15038 15043 15071 15077 15110 15119 15148 15172 15204 15218 15236 15257 15263 15311 15314 15323 15326 15381 15402 15431 15452 15479 15497 15514 15535 15662 15670 15672 15693 15758 15784 15812 15824 15849 15860 15889 15904 15905 15907 15924 15939 15940 15941 15942 15946 15951 15978 16017 16051 16147 16162 16163 16167 16317 16391 16400 16482"	""	"150T! 182T! 1018A 1438G 2416C 3010A 6663G 7028T 7175C 9540C 10398G 11914A 12705T 15326G 15784C 16311C!"	"15119A (localPrivateMutation)"	"15119A [A125T| Codon 1 | CYTB ]"	"1018A 1438G 2416C 3010A 6663G 7028T 7175C 9540C 10398G 11914A 12705T 15119A 15326G 15784C"
"HG02775"	"U7b"	"1"	"0.9752"	"70 93 125 197 215 217 236 285 293 295 418 456 477 482 489 499 606 629 710 711 921 951 1005 1018 1041 1048 1243 1382 1393 1406 1413 1438 1442 1664 1694 1700 1703 1706 1709 1717 1719 1721 1811 1842 1888 2056 2158 2218 2259 2283 2332 2352 2358 2416 2417 2755 2758 2768 2772 2880 2885 3010 3027 3116 3203 3206 3210 3316 3338 3348 3384 3394 3396 3398 3434 3497 3547 3571 3644 3705 3720 3736 3746 3826 3866 3915 3918 3970 3992 4023 4025 4093 4129 4164 4335 4336 4363 4491 4732 4833 4883 4917 4977 5004 5108 5301 5331 5442 5460 5495 5814 5999 6045 6047 6248 6253 6260 6261 6267 6285 6392 6446 6480 6663 6680 7028 7142 7175 7476 7598 7684 7697 7759 7853 7859 7861 7870 7972 8020 8404 8414 8417 8460 8478 8502 8594 8616 8684 8793 8857 8869 8875 8896 8923 8946 8964 9053 9064 9072 9093 9098 9128 9142 9150 9156 9377 9458 9477 9540 9667 9682 9804 9855 9903 9966 10007 10031 10034 10044 10084 10086 10143 10321 10345 10398 10463 10550 10589 10607 10609 10640 10688 11025 11061 11083 11172 11177 11204 11215 11251 11253 11377 11467 11536 11560 11696 11899 11914 11963 11969 11984 12236 12248 12285 12308 12397 12454 12498 12542 12630 12669 12705 12771 12811 12820 12822 12882 12940 13105 13135 13183 13263 13276 13477 13708 13780 13789 13880 13924 13933 13942 13958 13966 13981 14000 14025 14053 14059 14133 14148 14178 14182 14258 14318 14323 14417 14433 14502 14544 14569 14793 14798 14861 14872 14890 14893 14927 14978 14979 15038 15043 15071 15077 15110 15119 15148 15172 15204 15218 15236 15257 15263 15311 15314 15323 15326 15381 15402 15431 15452 15479 15497 15514 15535 15662 15670 15672 15693 15758 15784 15812 15824 15849 15860 15889 15904 15905 15907 15924 15939 15940 15941 15942 15946 15951 15978 16017 16051 16147 16162 16163 16167 16317 16391 16400 16482"	""	"1438G 1811G 7028T 8684T 10084C 11467G 12308G 14569A 15326G"	"5460A (localPrivateMutation)"	"5460A [A331T| Codon 1 | ND2 ]"	"1438G 1811G 5460A 7028T 8684T 10084C 11467G 12308G 14569A 15326G"
"HG02808"	"L2a1c"	"1"	"1.0000"	"70 93 125 197 215 217 236 285 293 295 418 456 477 482 489 499 606 629 710 711 921 951 1005 1018 1041 1048 1243 1382 1393 1406 1413 1438 1442 1664 1694 1700 1703 1706 1709 1717 1719 1721 1811 1842 1888 2056 2158 2218 2259 2283 2332 2352 2358 2416 2417 2755 2758 2768 2772 2880 2885 3010 3027 3116 3203 3206 3210 3316 3338 3348 3384 3394 3396 3398 3434 3497 3547 3571 3644 3705 3720 3736 3746 3826 3866 3915 3918 3970 3992 4023 4025 4093 4129 4164 4335 4336 4363 4491 4732 4833 4883 4917 4977 5004 5108 5301 5331 5442 5460 5495 5814 5999 6045 6047 6248 6253 6260 6261 6267 6285 6392 6446 6480 6663 6680 7028 7142 7175 7476 7598 7684 7697 7759 7853 7859 7861 7870 7972 8020 8404 8414 8417 8460 8478 8502 8594 8616 8684 8793 8857 8869 8875 8896 8923 8946 8964 9053 9064 9072 9093 9098 9128 9142 9150 9156 9377 9458 9477 9540 9667 9682 9804 9855 9903 9966 10007 10031 10034 10044 10084 10086 10143 10321 10345 10398 10463 10550 10589 10607 10609 10640 10688 11025 11061 11083 11172 11177 11204 11215 11251 11253 11377 11467 11536 11560 11696 11899 11914 11963 11969 11984 12236 12248 12285 12308 12397 12454 12498 12542 12630 12669 12705 12771 12811 12820 12822 12882 12940 13105 13135 13183 13263 13276 13477 13708 13780 13789 13880 13924 13933 13942 13958 13966 13981 14000 14025 14053 14059 14133 14148 14178 14182 14258 14318 14323 14417 14433 14502 14544 14569 14793 14798 14861 14872 14890 14893 14927 14978 14979 15038 15043 15071 15077 15110 15119 15148 15172 15204 15218 15236 15257 15263 15311 15314 15323 15326 15381 15402 15431 15452 15479 15497 15514 15535 15662 15670 15672 15693 15758 15784 15812 15824 15849 15860 15889 15904 15905 15907 15924 15939 15940 15941 15942 15946 15951 15978 16017 16051 16147 16162 16163 16167 16317 16391 16400 16482"	""	"150T! 182T! 1018A 1438G 2416C 3010A 6663G 7028T 7175C 9540C 10398G 11914A 12705T 15326G 15784C 16311C!"	""	""	"1018A 1438G 2416C 3010A 6663G 7028T 7175C 9540C 10398G 11914A 12705T 15326G 15784C"
"HG03160"	"L3e"	"1"	"1.0000"	"70 93 125 197 215 217 236 285 293 295 418 456 477 482 489 499 606 629 710 711 921 951 1005 1018 1041 1048 1243 1382 1393 1406 1413 1438 1442 1664 1694 1700 1703 1706 1709 1717 1719 1721 1811 1842 1888 2056 2158 2218 2259 2283 2332 2352 2358 2416 2417 2755 2758 2768 2772 2880 2885 3010 3027 3116 3203 3206 3210 3316 3338 3348 3384 3394 3396 3398 3434 3497 3547 3571 3644 3705 3720 3736 3746 3826 3866 3915 3918 3970 3992 4023 4025 4093 4129 4164 4335 4336 4363 4491 4732 4833 4883 4917 4977 5004 5108 5301 5331 5442 5460 5495 5814 5999 6045 6047 6248 6253 6260 6261 6267 6285 6392 6446 6480 6663 6680 7028 7142 7175 7476 7598 7684 7697 7759 7853 7859 7861 7870 7972 8020 8404 8414 8417 8460 8478 8502 8594 8616 8684 8793 8857 8869 8875 8896 8923 8946 8964 9053 9064 9072 9093 9098 9128 9142 9150 9156 9377 9458 9477 9540 9667 9682 9804 9855 9903 9966 10007 10031 10034 10044 10084 10086 10143 10321 10345 10398 10463 10550 10589 10607 10609 10640 10688 11025 11061 11083 11172 11177 11204 11215 11251 11253 11377 11467 11536 11560 11696 11899 11914 11963 11969 11984 12236 12248 12285 12308 12397 12454 12498 12542 12630 12669 12705 12771 12811 12820 12822 12882 12940 13105 13135 13183 13263 13276 13477 13708 13780 13789 13880 13924 13933 13942 13958 13966 13981 14000 14025 14053 14059 14133 14148 14178 14182 14258 14318 14323 14417 14433 14502 14544 14569 14793 14798 14861 14872 14890 14893 14927 14978 14979 15038 15043 15071 15077 15110 15119 15148 15172 15204 15218 15236 15257 15263 15311 15314 15323 15326 15381 15402 15431 15452 15479 15497 15514 15535 15662 15670 15672 15693 15758 15784 15812 15824 15849 15860 15889 15904 15905 15907 15924 15939 15940 15941 15942 15946 15951 15978 16017 16051 16147 16162 16163 16167 16317 16391 16400 16482"	""	"1438G 2352C 7028T 9540C 10398G 12705T 15326G"	""	""	"1438G 2352C 7028T 9540C 10398G 12705T 15326G"
"HG03352"	"L3e2b1"	"1"	"1.0000"	"70 93 125 197 215 217 236 285 293 295 418 456 477 482 489 499 606 629 710 711 921 951 1005 1018 1041 1048 1243 1382 1393 1406 1413 1438 1442 1664 1694 1700 1703 1706 1709 1717 1719 1721 1811 1842 1888 2056 2158 2218 2259 2283 2332 2352 2358 2416 2417 2755 2758 2768 2772 2880 2885 3010 3027 3116 3203 3206 3210 3316 3338 3348 3384 3394 3396 3398 3434 3497 3547 3571 3644 3705 3720 3736 3746 3826 3866 3915 3918 3970 3992 4023 4025 4093 4129 4164 4335 4336 4363 4491 4732 4833 4883 4917 4977 5004 5108 5301 5331 5442 5460 5495 5814 5999 6045 6047 6248 6253 6260 6261 6267 6285 6392 6446 6480 6663 6680 7028 7142 7175 7476 7598 7684 7697 7759 7853 7859 7861 7870 7972 8020 8404 8414 8417 8460 8478 8502 8594 8616 8684 8793 8857 8869 8875 8896 8923 8946 8964 9053 9064 9072 9093 9098 9128 9142 9150 9156 9377 9458 9477 9540 9667 9682 9804 9855 9903 9966 10007 10031 10034 10044 10084 10086 10143 10321 10345 10398 10463 10550 10589 10607 10609 10640 10688 11025 11061 11083 11172 11177 11204 11215 11251 11253 11377 11467 11536 11560 11696 11899 11914 11963 11969 11984 12236 12248 12285 12308 12397 12454 12498 12542 12630 12669 12705 12771 12811 12820 12822 12882 12940 13105 13135 13183 13263 13276 13477 13708 13780 13789 13880 13924 13933 13942 13958 13966 13981 14000 14025 14053 14059 14133 14148 14178 14182 14258 14318 14323 14417 14433 14502 14544 14569 14793 14798 14861 14872 14890 14893 14927 14978 14979 15038 15043 15071 15077 15110 15119 15148 15172 15204 15218 15236 15257 15263 15311 15314 15323 15326 15381 15402 15431 15452 15479 15497 15514 15535 15662 15670 15672 15693 15758 15784 15812 15824 15849 15860 15889 15904 15905 15907 15924 15939 15940 15941 15942 15946 15951 15978 16017 16051 16147 16162 16163 16167 16317 16391 16400 16482"	""	"1438G 2352C 7028T 9377G 9540C 10398G 12705T 15326G"	""	""	"1438G 2352C 7028T 9377G 9540C 10398G 12705T 15326G"
"HG03432"	"L2a1"	"1"	"1.0000"	"70 93 125 197 215 217 236 285 293 295 418 456 477 482 489 499 606 629 710 711 921 951 1005 1018 1041 1048 1243 1382 1393 1406 1413 1438 1442 1664 1694 1700 1703 1706 1709 1717 1719 1721 1811 1842 1888 2056 2158 2218 2259 2283 2332 2352 2358 2416 2417 2755 2758 2768 2772 2880 2885 3010 3027 3116 3203 3206 3210 3316 3338 3348 3384 3394 3396 3398 3434 3497 3547 3571 3644 3705 3720 3736 3746 3826 3866 3915 3918 3970 3992 4023 4025 4093 4129 4164 4335 4336 4363 4491 4732 4833 4883 4917 4977 5004 5108 5301 5331 5442 5460 5495 5814 5999 6045 6047 6248 6253 6260 6261 6267 6285 6392 6446 6480 6663 6680 7028 7142 7175 7476 7598 7684 7697 7759 7853 7859 7861 7870 7972 8020 8404 8414 8417 8460 8478 8502 8594 8616 8684 8793 8857 8869 8875 8896 8923 8946 8964 9053 9064 9072 9093 9098 9128 9142 9150 9156 9377 9458 9477 9540 9667 9682 9804 9855 9903 9966 10007 10031 10034 10044 10084 10086 10143 10321 10345 10398 10463 10550 10589 10607 10609 10640 10688 11025 11061 11083 11172 11177 11204 11215 11251 11253 11377 11467 11536 11560 11696 11899 11914 11963 11969 11984 12236 12248 12285 12308 12397 12454 12498 12542 12630 12669 12705 12771 12811 12820 12822 12882 12940 13105 13135 13183 13263 13276 13477 13708 13780 13789 13880 13924 13933 13942 13958 13966 13981 14000 14025 14053 14059 14133 14148 14178 14182 14258 14318 14323 14417 14433 14502 14544 14569 14793 14798 14861 14872 14890 14893 14927 14978 14979 15038 15043 15071 15077 15110 15119 15148 15172 15204 15218 15236 15257 15263 15311 15314 15323 15326 15381 15402 15431 15452 15479 15497 15514 15535 15662 15670 15672 15693 15758 15784 15812 15824 15849 15860 15889 15904 15905 15907 15924 15939 15940 15941 15942 15946 15951 15978 16017 16051 16147 16162 16163 16167 16317 16391 16400 16482"	""	"150T! 182T! 1018A 1438G 2416C 7028T 7175C 9540C 10398G 11914A 12705T 15326G 15784C 16311C!"	""	""	"1018A 1438G 2416C 7028T 7175C 9540C 10398G 11914A 12705T 15326G 15784C"
"HG03461"	"L2a1"	"1"	"0.9703"	"70 93 125 197 215 217 236 285 293 295 418 456 477 482 489 499 606 629 710 711 921 951 1005 1018 1041 1048 1243 1382 1393 1406 1413 1438 1442 1664 1694 1700 1703 1706 1709 1717 1719 1721 1811 1842 1888 2056 2158 2218 2259 2283 2332 2352 2358 2416 2417 2755 2758 2768 2772 2880 2885 3010 3027 3116 3203 3206 3210 3316 3338 3348 3384 3394 3396 3398 3434 3497 3547 3571 3644 3705 3720 3736 3746 3826 3866 3915 3918 3970 3992 4023 4025 4093 4129 4164 4335 4336 4363 4491 4732 4833 4883 4917 4977 5004 5108 5301 5331 5442 5460 5495 5814 5999 6045 6047 6248 6253 6260 6261 6267 6285 6392 6446 6480 6663 6680 7028 7142 7175 7476 7598 7684 7697 7759 7853 7859 7861 7870 7972 8020 8404 8414 8417 8460 8478 8502 8594 8616 8684 8793 8857 8869 8875 8896 8923 8946 8964 9053 9064 9072 9093 9098 9128 9142 9150 9156 9377 9458 9477 9540 9667 9682 9804 9855 9903 9966 10007 10031 10034 10044 10084 10086 10143 10321 10345 10398 10463 10550 10589 10607 10609 10640 10688 11025 11061 11083 11172 11177 11204 11215 11251 11253 11377 11467 11536 11560 11696 11899 11914 11963 11969 11984 12236 12248 12285 12308 12397 12454 12498 12542 12630 12669 12705 12771 12811 12820 12822 12882 12940 13105 13135 13183 13263 13276 13477 13708 13780 13789 13880 13924 13933 13942 13958 13966 13981 14000 14025 14053 14059 14133 14148 14178 14182 14258 14318 14323 14417 14433 14502 14544 14569 14793 14798 14861 14872 14890 14893 14927 14978 14979 15038 15043 15071 15077 15110 15119 15148 15172 15204 15218 15236 15257 15263 15311 15314 15323 15326 15381 15402 15431 15452 15479 15497 15514 15535 15662 15670 15672 15693 15758 15784 15812 15824 15849 15860 15889 15904 15905 15907 15924 15939 15940 15941 15942 15946 15951 15978 16017 16051 16147 16162 16163 16167 16317 16391 16400 16482"	""	"150T! 182T! 1018A 1438G 2416C 7028T 7175C 9540C 10398G 11914A 12705T 15326G 15784C 16311C!"	"13135A (localPrivateMutation)"	"13135A [A267T| Codon 1 | ND5 ]"	"1018A 1438G 2416C 7028T 7175C 9540C 10398G 11914A 12705T 13135A 15326G 15784C"
"HG03520"	"L3e1"	"1"	"0.9560"	"70 93 125 197 215 217 236 285 293 295 418 456 477 482 489 499 606 629 710 711 921 951 1005 1018 1041 1048 1243 1382 1393 1406 1413 1438 1442 1664 1694 1700 1703 1706 1709 1717 1719 1721 1811 1842 1888 2056 2158 2218 2259 2283 2332 2352 2358 2416 2417 2755 2758 2768 2772 2880 2885 3010 3027 3116 3203 3206 3210 3316 3338 3348 3384 3394 3396 3398 3434 3497 3547 3571 3644 3705 3720 3736 3746 3826 3866 3915 3918 3970 3992 4023 4025 4093 4129 4164 4335 4336 4363 4491 4732 4833 4883 4917 4977 5004 5108 5301 5331 5442 5460 5495 5814 5999 6045 6047 6248 6253 6260 6261 6267 6285 6392 6446 6480 6663 6680 7028 7142 7175 7476 7598 7684 7697 7759 7853 7859 7861 7870 7972 8020 8404 8414 8417 8460 8478 8502 8594 8616 8684 8793 8857 8869 8875 8896 8923 8946 8964 9053 9064 9072 9093 9098 9128 9142 9150 9156 9377 9458 9477 9540 9667 9682 9804 9855 9903 9966 10007 10031 10034 10044 10084 10086 10143 10321 10345 10398 10463 10550 10589 10607 10609 10640 10688 11025 11061 11083 11172 11177 11204 11215 11251 11253 11377 11467 11536 11560 11696 11899 11914 11963 11969 11984 12236 12248 12285 12308 12397 12454 12498 12542 12630 12669 12705 12771 12811 12820 12822 12882 12940 13105 13135 13183 13263 13276 13477 13708 13780 13789 13880 13924 13933 13942 13958 13966 13981 14000 14025 14053 14059 14133 14148 14178 14182 14258 14318 14323 14417 14433 14502 14544 14569 14793 14798 14861 14872 14890 14893 14927 14978 14979 15038 15043 15071 15077 15110 15119 15148 15172 15204 15218 15236 15257 15263 15311 15314 15323 15326 15381 15402 15431 15452 15479 15497 15514 15535 15662 15670 15672 15693 15758 15784 15812 15824 15849 15860 15889 15904 15905 15907 15924 15939 15940 15941 15942 15946 15951 15978 16017 16051 16147 16162 16163 16167 16317 16391 16400 16482"	""	"1438G 2352C 7028T 9540C 10398G 12705T 15326G 15670C 15942C"	"236C (localPrivateMutation)"	""	"236C 1438G 2352C 7028T 9540C 10398G 12705T 15326G 15670C 15942C"
"HG03611"	"M"	"1"	"0.9479"	"70 93 125 197 215 217 236 285 293 295 418 456 477 482 489 499 606 629 710 711 921 951 1005 1018 1041 1048 1243 1382 1393 1406 1413 1438 1442 1664 1694 1700 1703 1706 1709 1717 1719 1721 1811 1842 1888 2056 2158 2218 2259 2283 2332 2352 2358 2416 2417 2755 2758 2768 2772 2880 2885 3010 3027 3116 3203 3206 3210 3316 3338 3348 3384 3394 3396 3398 3434 3497 3547 3571 3644 3705 3720 3736 3746 3826 3866 3915 3918 3970 3992 4023 4025 4093 4129 4164 4335 4336 4363 4491 4732 4833 4883 4917 4977 5004 5108 5301 5331 5442 5460 5495 5814 5999 6045 6047 6248 6253 6260 6261 6267 6285 6392 6446 6480 6663 6680 7028 7142 7175 7476 7598 7684 7697 7759 7853 7859 7861 7870 7972 8020 8404 8414 8417 8460 8478 8502 8594 8616 8684 8793 8857 8869 8875 8896 8923 8946 8964 9053 9064 9072 9093 9098 9128 9142 9150 9156 9377 9458 9477 9540 9667 9682 9804 9855 9903 9966 10007 10031 10034 10044 10084 10086 10143 10321 10345 10398 10463 10550 10589 10607 10609 10640 10688 11025 11061 11083 11172 11177 11204 11215 11251 11253 11377 11467 11536 11560 11696 11899 11914 11963 11969 11984 12236 12248 12285 12308 12397 12454 12498 12542 12630 12669 12705 12771 12811 12820 12822 12882 12940 13105 13135 13183 13263 13276 13477 13708 13780 13789 13880 13924 13933 13942 13958 13966 13981 14000 14025 14053 14059 14133 14148 14178 14182 14258 14318 14323 14417 14433 14502 14544 14569 14793 14798 14861 14872 14890 14893 14927 14978 14979 15038 15043 15071 15077 15110 15119 15148 15172 15204 15218 15236 15257 15263 15311 15314 15323 15326 15381 15402 15431 15452 15479 15497 15514 15535 15662 15670 15672 15693 15758 15784 15812 15824 15849 15860 15889 15904 15905 15907 15924 15939 15940 15941 15942 15946 15951 15978 16017 16051 16147 16162 16163 16167 16317 16391 16400 16482"	""	"489C 1438G 7028T 9540C 10398G 12705T 15043A 15326G"	"10345C (localPrivateMutation)"	"10345C [I96T| Codon 2 | ND3 ]"	"489C 1438G 7028T 9540C 10345C 10398G 12705T 15043A 15326G"
"HG03698"	"N1a"	"1"	"0.9496"	"70 93 125 197 215 217 236 285 293 295 418 456 477 482 489 499 606 629 710 711 921 951 1005 1018 1041 1048 1243 1382 1393 1406 1413 1438 1442 1664 1694 1700 1703 1706 1709 1717 1719 1721 1811 1842 1888 2056 2158 2218 2259 2283 2332 2352 2358 2416 2417 2755 2758 2768 2772 2880 2885 3010 3027 3116 3203 3206 3210 3316 3338 3348 3384 3394 3396 3398 3434 3497 3547 3571 3644 3705 3720 3736 3746 3826 3866 3915 3918 3970 3992 4023 4025 4093 4129 4164 4335 4336 4363 4491 4732 4833 4883 4917 4977 5004 5108 5301 5331 5442 5460 5495 5814 5999 6045 6047 6248 6253 6260 6261 6267 6285 6392 6446 6480 6663 6680 7028 7142 7175 7476 7598 7684 7697 7759 7853 7859 7861 7870 7972 8020 8404 8414 8417 8460 8478 8502 8594 8616 8684 8793 8857 8869 8875 8896 8923 8946 8964 9053 9064 9072 9093 9098 9128 9142 9150 9156 9377 9458 9477 9540 9667 9682 9804 9855 9903 9966 10007 10031 10034 10044 10084 10086 10143 10321 10345 10398 10463 10550 10589 10607 10609 10640 10688 11025 11061 11083 11172 11177 11204 11215 11251 11253 11377 11467 11536 11560 11696 11899 11914 11963 11969 11984 12236 12248 12285 12308 12397 12454 12498 12542 12630 12669 12705 12771 12811 12820 12822 12882 12940 13105 13135 13183 13263 13276 13477 13708 13780 13789 13880 13924 13933 13942 13958 13966 13981 14000 14025 14053 14059 14133 14148 14178 14182 14258 14318 14323 14417 14433 14502 14544 14569 14793 14798 14861 14872 14890 14893 14927 14978 14979 15038 15043 15071 15077 15110 15119 15148 15172 15204 15218 15236 15257 15263 15311 15314 15323 15326 15381 15402 15431 15452 15479 15497 15514 15535 15662 15670 15672 15693 15758 15784 15812 15824 15849 15860 15889 15904 15905 15907 15924 15939 15940 15941 15942 15946 15951 15978 16017 16051 16147 16162 16163 16167 16317 16391 16400 16482"	""	"1438G 1719A 7028T 12705T 13780G 15326G"	"3915A (localPrivateMutation)"	""	"1438G 1719A 3915A 7028T 12705T 13780G 15326G"
"HG03771"	"M26"	"1"	"0.9769"	"70 93 125 197 215 217 236 285 293 295 418 456 477 482 489 499 606 629 710 711 921 951 1005 1018 1041 1048 1243 1382 1393 1406 1413 1438 1442 1664 1694 1700 1703 1706 1709 1717 1719 1721 1811 1842 1888 2056 2158 2218 2259 2283 2332 2352 2358 2416 2417 2755 2758 2768 2772 2880 2885 3010 3027 3116 3203 3206 3210 3316 3338 3348 3384 3394 3396 3398 3434 3497 3547 3571 3644 3705 3720 3736 3746 3826 3866 3915 3918 3970 3992 4023 4025 4093 4129 4164 4335 4336 4363 4491 4732 4833 4883 4917 4977 5004 5108 5301 5331 5442 5460 5495 5814 5999 6045 6047 6248 6253 6260 6261 6267 6285 6392 6446 6480 6663 6680 7028 7142 7175 7476 7598 7684 7697 7759 7853 7859 7861 7870 7972 8020 8404 8414 8417 8460 8478 8502 8594 8616 8684 8793 8857 8869 8875 8896 8923 8946 8964 9053 9064 9072 9093 9098 9128 9142 9150 9156 9377 9458 9477 9540 9667 9682 9804 9855 9903 9966 10007 10031 10034 10044 10084 10086 10143 10321 10345 10398 10463 10550 10589 10607 10609 10640 10688 11025 11061 11083 11172 11177 11204 11215 11251 11253 11377 11467 11536 11560 11696 11899 11914 11963 11969 11984 12236 12248 12285 12308 12397 12454 12498 12542 12630 12669 12705 12771 12811 12820 12822 12882 12940 13105 13135 13183 13263 13276 13477 13708 13780 13789 13880 13924 13933 13942 13958 13966 13981 14000 14025 14053 14059 14133 14148 14178 14182 14258 14318 14323 14417 14433 14502 14544 14569 14793 14798 14861 14872 14890 14893 14927 14978 14979 15038 15043 15071 15077 15110 15119 15148 15172 15204 15218 15236 15257 15263 15311 15314 15323 15326 15381 15402 15431 15452 15479 15497 15514 15535 15662 15670 15672 15693 15758 15784 15812 15824 15849 15860 15889 15904 15905 15907 15924 15939 15940 15941 15942 15946 15951 15978 16017 16051 16147 16162 16163 16167 16317 16391 16400 16482"	"13708A"	"489C 1438G 7028T 9540C 10398G 12705T 15043A 15263T 15326G"	""	""	"489C 1438G 7028T 9540C 10398G 12705T 15043A 15263T 15326G"
"HG03817"	"U2c1a"	"1"	"1.0000"	"70 93 125 197 215 217 236 285 293 295 418 456 477 482 489 499 606 629 710 711 921 951 1005 1018 1041 1048 1243 1382 1393 1406 1413 1438 1442 1664 1694 1700 1703 1706 1709 1717 1719 1721 1811 1842 1888 2056 2158 2218 2259 2283 2332 2352 2358 2416 2417 2755 2758 2768 2772 2880 2885 3010 3027 3116 3203 3206 3210 3316 3338 3348 3384 3394 3396 3398 3434 3497 3547 3571 3644 3705 3720 3736 3746 3826 3866 3915 3918 3970 3992 4023 4025 4093 4129 4164 4335 4336 4363 4491 4732 4833 4883 4917 4977 5004 5108 5301 5331 5442 5460 5495 5814 5999 6045 6047 6248 6253 6260 6261 6267 6285 6392 6446 6480 6663 6680 7028 7142 7175 7476 7598 7684 7697 7759 7853 7859 7861 7870 7972 8020 8404 8414 8417 8460 8478 8502 8594 8616 8684 8793 8857 8869 8875 8896 8923 8946 8964 9053 9064 9072 9093 9098 9128 9142 9150 9156 9377 9458 9477 9540 9667 9682 9804 9855 9903 9966 10007 10031 10034 10044 10084 10086 10143 10321 10345 10398 10463 10550 10589 10607 10609 10640 10688 11025 11061 11083 11172 11177 11204 11215 11251 11253 11377 11467 11536 11560 11696 11899 11914 11963 11969 11984 12236 12248 12285 12308 12397 12454 12498 12542 12630 12669 12705 12771 12811 12820 12822 12882 12940 13105 13135 13183 13263 13276 13477 13708 13780 13789 13880 13924 13933 13942 13958 13966 13981 14000 14025 14053 14059 14133 14148 14178 14182 14258 14318 14323 14417 14433 14502 14544 14569 14793 14798 14861 14872 14890 14893 14927 14978 14979 15038 15043 15071 15077 15110 15119 15148 15172 15204 15218 15236 15257 15263 15311 15314 15323 15326 15381 15402 15431 15452 15479 15497 15514 15535 15662 15670 15672 15693 15758 15784 15812 15824 15849 15860 15889 15904 15905 15907 15924 15939 15940 15941 15942 15946 15951 15978 16017 16051 16147 16162 16163 16167 16317 16391 16400 16482"	""	"1438G 1811G 7028T 11467G 12308G 15043A 15326G 16051G"	""	""	"1438G 1811G 7028T 11467G 12308G 15043A 15326G 16051G"
"HG04001"	"M18a"	"1"	"1.0000"	"70 93 125 197 215 217 236 285 293 295 418 456 477 482 489 499 606 629 710 711 921 951 1005 1018 1041 1048 1243 1382 1393 1406 1413 1438 1442 1664 1694 1700 1703 1706 1709 1717 1719 1721 1811 1842 1888 2056 2158 2218 2259 2283 2332 2352 2358 2416 2417 2755 2758 2768 2772 2880 2885 3010 3027 3116 3203 3206 3210 3316 3338 3348 3384 3394 3396 3398 3434 3497 3547 3571 3644 3705 3720 3736 3746 3826 3866 3915 3918 3970 3992 4023 4025 4093 4129 4164 4335 4336 4363 4491 4732 4833 4883 4917 4977 5004 5108 5301 5331 5442 5460 5495 5814 5999 6045 6047 6248 6253 6260 6261 6267 6285 6392 6446 6480 6663 6680 7028 7142 7175 7476 7598 7684 7697 7759 7853 7859 7861 7870 7972 8020 8404 8414 8417 8460 8478 8502 8594 8616 8684 8793 8857 8869 8875 8896 8923 8946 8964 9053 9064 9072 9093 9098 9128 9142 9150 9156 9377 9458 9477 9540 9667 9682 9804 9855 9903 9966 10007 10031 10034 10044 10084 10086 10143 10321 10345 10398 10463 10550 10589 10607 10609 10640 10688 11025 11061 11083 11172 11177 11204 11215 11251 11253 11377 11467 11536 11560 11696 11899 11914 11963 11969 11984 12236 12248 12285 12308 12397 12454 12498 12542 12630 12669 12705 12771 12811 12820 12822 12882 12940 13105 13135 13183 13263 13276 13477 13708 13780 13789 13880 13924 13933 13942 13958 13966 13981 14000 14025 14053 14059 14133 14148 14178 14182 14258 14318 14323 14417 14433 14502 14544 14569 14793 14798 14861 14872 14890 14893 14927 14978 14979 15038 15043 15071 15077 15110 15119 15148 15172 15204 15218 15236 15257 15263 15311 15314 15323 15326 15381 15402 15431 15452 15479 15497 15514 15535 15662 15670 15672 15693 15758 15784 15812 15824 15849 15860 15889 15904 15905 15907 15924 15939 15940 15941 15942 15946 15951 15978 16017 16051 16147 16162 16163 16167 16317 16391 16400 16482"	""	"93G 489C 1438G 7028T 9540C 10398G 12498T 12705T 13135A 15043A 15326G"	""	""	"93G 489C 1438G 7028T 9540C 10398G 12498T 12705T 13135A 15043A 15326G"
"HG04006"	"M5a'd"	"1"	"0.9776"	"70 93 125 197 215 217 236 285 293 295 418 456 477 482 489 499 606 629 710 711 921 951 1005 1018 1041 1048 1243 1382 1393 1406 1413 1438 1442 1664 1694 1700 1703 1706 1709 1717 1719 1721 1811 1842 1888 2056 2158 2218 2259 2283 2332 2352 2358 2416 2417 2755 2758 2768 2772 2880 2885 3010 3027 3116 3203 3206 3210 3316 3338 3348 3384 3394 3396 3398 3434 3497 3547 3571 3644 3705 3720 3736 3746 3826 3866 3915 3918 3970 3992 4023 4025 4093 4129 4164 4335 4336 4363 4491 4732 4833 4883 4917 4977 5004 5108 5301 5331 5442 5460 5495 5814 5999 6045 6047 6248 6253 6260 6261 6267 6285 6392 6446 6480 6663 6680 7028 7142 7175 7476 7598 7684 7697 7759 7853 7859 7861 7870 7972 8020 8404 8414 8417 8460 8478 8502 8594 8616 8684 8793 8857 8869 8875 8896 8923 8946 8964 9053 9064 9072 9093 9098 9128 9142 9150 9156 9377 9458 9477 9540 9667 9682 9804 9855 9903 9966 10007 10031 10034 10044 10084 10086 10143 10321 10345 10398 10463 10550 10589 10607 10609 10640 10688 11025 11061 11083 11172 11177 11204 11215 11251 11253 11377 11467 11536 11560 11696 11899 11914 11963 11969 11984 12236 12248 12285 12308 12397 12454 12498 12542 12630 12669 12705 12771 12811 12820 12822 12882 12940 13105 13135 13183 13263 13276 13477 13708 13780 13789 13880 13924 13933 13942 13958 13966 13981 14000 14025 14053 14059 14133 14148 14178 14182 14258 14318 14323 14417 14433 14502 14544 14569 14793 14798 14861 14872 14890 14893 14927 14978 14979 15038 15043 15071 15077 15110 15119 15148 15172 15204 15218 15236 15257 15263 15311 15314 15323 15326 15381 15402 15431 15452 15479 15497 15514 15535 15662 15670 15672 15693 15758 15784 15812 15824 15849 15860 15889 15904 15905 15907 15924 15939 15940 15941 15942 15946 15951 15978 16017 16051 16147 16162 16163 16167 16317 16391 16400 16482"	""	"489C 1438G 1888A 7028T 9540C 10398G 12705T 14323A 15043A 15326G"	"13708A (localPrivateMutation)"	"13708A [A458T| Codon 1 | ND5 ]"	"489C 1438G 1888A 7028T 9540C 10398G 12705T 13708A 14323A 15043A 15326G"
"HG04026"	"W3a1"	"1"	"0.9461"	"70 93 125 197 215 217 236 285 293 295 418 456 477 482 489 499 606 629 710 711 921 951 1005 1018 1041 1048 1243 1382 1393 1406 1413 1438 1442 1664 1694 1700 1703 1706 1709 1717 1719 1721 1811 1842 1888 2056 2158 2218 2259 2283 2332 2352 2358 2416 2417 2755 2758 2768 2772 2880 2885 3010 3027 3116 3203 3206 3210 3316 3338 3348 3384 3394 3396 3398 3434 3497 3547 3571 3644 3705 3720 3736 3746 3826 3866 3915 3918 3970 3992 4023 4025 4093 4129 4164 4335 4336 4363 4491 4732 4833 4883 4917 4977 5004 5108 5301 5331 5442 5460 5495 5814 5999 6045 6047 6248 6253 6260 6261 6267 6285 6392 6446 6480 6663 6680 7028 7142 7175 7476 7598 7684 7697 7759 7853 7859 7861 7870 7972 8020 8404 8414 8417 8460 8478 8502 8594 8616 8684 8793 8857 8869 8875 8896 8923 8946 8964 9053 9064 9072 9093 9098 9128 9142 9150 9156 9377 9458 9477 9540 9667 9682 9804 9855 9903 9966 10007 10031 10034 10044 10084 10086 10143 10321 10345 10398 10463 10550 10589 10607 10609 10640 10688 11025 11061 11083 11172 11177 11204 11215 11251 11253 11377 11467 11536 11560 11696 11899 11914 11963 11969 11984 12236 12248 12285 12308 12397 12454 12498 12542 12630 12669 12705 12771 12811 12820 12822 12882 12940 13105 13135 13183 13263 13276 13477 13708 13780 13789 13880 13924 13933 13942 13958 13966 13981 14000 14025 14053 14059 14133 14148 14178 14182 14258 14318 14323 14417 14433 14502 14544 14569 14793 14798 14861 14872 14890 14893 14927 14978 14979 15038 15043 15071 15077 15110 15119 15148 15172 15204 15218 15236 15257 15263 15311 15314 15323 15326 15381 15402 15431 15452 15479 15497 15514 15535 15662 15670 15672 15693 15758 15784 15812 15824 15849 15860 15889 15904 15905 15907 15924 15939 15940 15941 15942 15946 15951 15978 16017 16051 16147 16162 16163 16167 16317 16391 16400 16482"	""	"1243C 1406C 1438G 5460A 7028T 12705T 13263G 15326G 15784C"	"14258A (localPrivateMutation)"	"14258A [P139L| Codon 2 | ND6 ]"	"1243C 1406C 1438G 5460A 7028T 12705T 13263G 14258A 15326G 15784C"
"NA12282"	"J1b1a"	"1"	"1.0000"	"70 93 125 197 215 217 236 285 293 295 418 456 477 482 489 499 606 629 710 711 921 951 1005 1018 1041 1048 1243 1382 1393 1406 1413 1438 1442 1664 1694 1700 1703 1706 1709 1717 1719 1721 1811 1842 1888 2056 2158 2218 2259 2283 2332 2352 2358 2416 2417 2755 2758 2768 2772 2880 2885 3010 3027 3116 3203 3206 3210 3316 3338 3348 3384 3394 3396 3398 3434 3497 3547 3571 3644 3705 3720 3736 3746 3826 3866 3915 3918 3970 3992 4023 4025 4093 4129 4164 4335 4336 4363 4491 4732 4833 4883 4917 4977 5004 5108 5301 5331 5442 5460 5495 5814 5999 6045 6047 6248 6253 6260 6261 6267 6285 6392 6446 6480 6663 6680 7028 7142 7175 7476 7598 7684 7697 7759 7853 7859 7861 7870 7972 8020 8404 8414 8417 8460 8478 8502 8594 8616 8684 8793 8857 8869 8875 8896 8923 8946 8964 9053 9064 9072 9093 9098 9128 9142 9150 9156 9377 9458 9477 9540 9667 9682 9804 9855 9903 9966 10007 10031 10034 10044 10084 10086 10143 10321 10345 10398 10463 10550 10589 10607 10609 10640 10688 11025 11061 11083 11172 11177 11204 11215 11251 11253 11377 11467 11536 11560 11696 11899 11914 11963 11969 11984 12236 12248 12285 12308 12397 12454 12498 12542 12630 12669 12705 12771 12811 12820 12822 12882 12940 13105 13135 13183 13263 13276 13477 13708 13780 13789 13880 13924 13933 13942 13958 13966 13981 14000 14025 14053 14059 14133 14148 14178 14182 14258 14318 14323 14417 14433 14502 14544 14569 14793 14798 14861 14872 14890 14893 14927 14978 14979 15038 15043 15071 15077 15110 15119 15148 15172 15204 15218 15236 15257 15263 15311 15314 15323 15326 15381 15402 15431 15452 15479 15497 15514 15535 15662 15670 15672 15693 15758 15784 15812 15824 15849 15860 15889 15904 15905 15907 15924 15939 15940 15941 15942 15946 15951 15978 16017 16051 16147 16162 16163 16167 16317 16391 16400 16482"	""	"295T 489C 1438G 2158C 3010A 5460A 7028T 10398G 11251G 13708A 15326G 15452A"	""	""	"295T 489C 1438G 2158C 3010A 5460A 7028T 10398G 11251G 13708A 15326G 15452A"
"NA12815"	"H"	"1"	"1.0000"	"70 93 125 197 215 217 236 285 293 295 418 456 477 482 489 499 606 629 710 711 921 951 1005 1018 1041 1048 1243 1382 1393 1406 1413 1438 1442 1664 1694 1700 1703 1706 1709 1717 1719 1721 1811 1842 1888 2056 2158 2218 2259 2283 2332 2352 2358 2416 2417 2755 2758 2768 2772 2880 2885 3010 3027 3116 3203 3206 3210 3316 3338 3348 3384 3394 3396 3398 3434 3497 3547 3571 3644 3705 3720 3736 3746 3826 3866 3915 3918 3970 3992 4023 4025 4093 4129 4164 4335 4336 4363 4491 4732 4833 4883 4917 4977 5004 5108 5301 5331 5442 5460 5495 5814 5999 6045 6047 6248 6253 6260 6261 6267 6285 6392 6446 6480 6663 6680 7028 7142 7175 7476 7598 7684 7697 7759 7853 7859 7861 7870 7972 8020 8404 8414 8417 8460 8478 8502 8594 8616 8684 8793 8857 8869 8875 8896 8923 8946 8964 9053 9064 9072 9093 9098 9128 9142 9150 9156 9377 9458 9477 9540 9667 9682 9804 9855 9903 9966 10007 10031 10034 10044 10084 10086 10143 10321 10345 10398 10463 10550 10589 10607 10609 10640 10688 11025 11061 11083 11172 11177 11204 11215 11251 11253 11377 11467 11536 11560 11696 11899 11914 11963 11969 11984 12236 12248 12285 12308 12397 12454 12498 12542 12630 12669 12705 12771 12811 12820 12822 12882 12940 13105 13135 13183 13263 13276 13477 13708 13780 13789 13880 13924 13933 13942 13958 13966 13981 14000 14025 14053 14059 14133 14148 14178 14182 14258 14318 14323 14417 14433 14502 14544 14569 14793 14798 14861 14872 14890 14893 14927 14978 14979 15038 15043 15071 15077 15110 15119 15148 15172 15204 15218 15236 15257 15263 15311 15314 15323 15326 15381 15402 15431 15452 15479 15497 15514 15535 15662 15670 15672 15693 15758 15784 15812 15824 15849 15860 15889 15904 15905 15907 15924 15939 15940 15941 15942 15946 15951 15978 16017 16051 16147 16162 16163 16167 16317 16391 16400 16482"	""	"1438G 15326G"	""	""	"1438G 15326G"
"NA12874"	"J1c8a"	"1"	"1.0000"	"70 93 125 197 215 217 236 285 293 295 418 456 477 482 489 499 606 629 710 711 921 951 1005 1018 1041 1048 1243 1382 1393 1406 1413 1438 1442 1664 1694 1700 1703 1706 1709 1717 1719 1721 1811 1842 1888 2056 2158 2218 2259 2283 2332 2352 2358 2416 2417 2755 2758 2768 2772 2880 2885 3010 3027 3116 3203 3206 3210 3316 3338 3348 3384 3394 3396 3398 3434 3497 3547 3571 3644 3705 3720 3736 3746 3826 3866 3915 3918 3970 3992 4023 4025 4093 4129 4164 4335 4336 4363 4491 4732 4833 4883 4917 4977 5004 5108 5301 5331 5442 5460 5495 5814 5999 6045 6047 6248 6253 6260 6261 6267 6285 6392 6446 6480 6663 6680 7028 7142 7175 7476 7598 7684 7697 7759 7853 7859 7861 7870 7972 8020 8404 8414 8417 8460 8478 8502 8594 8616 8684 8793 8857 8869 8875 8896 8923 8946 8964 9053 9064 9072 9093 9098 9128 9142 9150 9156 9377 9458 9477 9540 9667 9682 9804 9855 9903 9966 10007 10031 10034 10044 10084 10086 10143 10321 10345 10398 10463 10550 10589 10607 10609 10640 10688 11025 11061 11083 11172 11177 11204 11215 11251 11253 11377 11467 11536 11560 11696 11899 11914 11963 11969 11984 12236 12248 12285 12308 12397 12454 12498 12542 12630 12669 12705 12771 12811 12820 12822 12882 12940 13105 13135 13183 13263 13276 13477 13708 13780 13789 13880 13924 13933 13942 13958 13966 13981 14000 14025 14053 14059 14133 14148 14178 14182 14258 14318 14323 14417 14433 14502 14544 14569 14793 14798 14861 14872 14890 14893 14927 14978 14979 15038 15043 15071 15077 15110 15119 15148 15172 15204 15218 15236 15257 15263 15311 15314 15323 15326 15381 15402 15431 15452 15479 15497 15514 15535 15662 15670 15672 15693 15758 15784 15812 15824 15849 15860 15889 15904 15905 15907 15924 15939 15940 15941 15942 15946 15951 15978 16017 16051 16147 16162 16163 16167 16317 16391 16400 16482"	""	"295T 489C 1438G 3010A 7028T 10084C 10398G! 11251G 13708A 14798C 15326G 15452A"	""	""	"295T 489C 1438G 3010A 7028T 10084C 11251G 13708A 14798C 15326G 15452A"
"NA18561"	"F1d"	"1"	"1.0000"	"70 93 125 197 215 217 236 285 293 295 418 456 477 482 489 499 606 629 710 711 921 951 1005 1018 1041 1048 1243 1382 1393 1406 1413 1438 1442 1664 1694 1700 1703 1706 1709 1717 1719 1721 1811 1842 1888 2056 2158 2218 2259 2283 2332 2352 2358 2416 2417 2755 2758 2768 2772 2880 2885 3010 3027 3116 3203 3206 3210 3316 3338 3348 3384 3394 3396 3398 3434 3497 3547 3571 3644 3705 3720 3736 3746 3826 3866 3915 3918 3970 3992 4023 4025 4093 4129 4164 4335 4336 4363 4491 4732 4833 4883 4917 4977 5004 5108 5301 5331 5442 5460 5495 5814 5999 6045 6047 6248 6253 6260 6261 6267 6285 6392 6446 6480 6663 6680 7028 7142 7175 7476 7598 7684 7697 7759 7853 7859 7861 7870 7972 8020 8404 8414 8417 8460 8478 8502 8594 8616 8684 8793 8857 8869 8875 8896 8923 8946 8964 9053 9064 9072 9093 9098 9128 9142 9150 9156 9377 9458 9477 9540 9667 9682 9804 9855 9903 9966 10007 10031 10034 10044 10084 10086 10143 10321 10345 10398 10463 10550 10589 10607 10609 10640 10688 11025 11061 11083 11172 11177 11204 11215 11251 11253 11377 11467 11536 11560 11696 11899 11914 11963 11969 11984 12236 12248 12285 12308 12397 12454 12498 12542 12630 12669 12705 12771 12811 12820 12822 12882 12940 13105 13135 13183 13263 13276 13477 13708 13780 13789 13880 13924 13933 13942 13958 13966 13981 14000 14025 14053 14059 14133 14148 14178 14182 14258 14318 14323 14417 14433 14502 14544 14569 14793 14798 14861 14872 14890 14893 14927 14978 14979 15038 15043 15071 15077 15110 15119 15148 15172 15204 15218 15236 15257 15263 15311 15314 15323 15326 15381 15402 15431 15452 15479 15497 15514 15535 15662 15670 15672 15693 15758 15784 15812 15824 15849 15860 15889 15904 15905 15907 15924 15939 15940 15941 15942 15946 15951 15978 16017 16051 16147 16162 16163 16167 16317 16391 16400 16482"	""	"1438G 3970T 6392C 7028T 10609C 12882T 15326G 15402T"	""	""	"1438G 3970T 6392C 7028T 10609C 12882T 15326G 15402T"
"NA18648"	"D4a"	"1"	"1.0000"	"70 93 125 197 215 217 236 285 293 295 418 456 477 482 489 499 606 629 710 711 921 951 1005 1018 1041 1048 1243 1382 1393 1406 1413 1438 1442 1664 1694 1700 1703 1706 1709 1717 1719 1721 1811 1842 1888 2056 2158 2218 2259 2283 2332 2352 2358 2416 2417 2755 2758 2768 2772 2880 2885 3010 3027 3116 3203 3206 3210 3316 3338 3348 3384 3394 3396 3398 3434 3497 3547 3571 3644 3705 3720 3736 3746 3826 3866 3915 3918 3970 3992 4023 4025 4093 4129 4164 4335 4336 4363 4491 4732 4833 4883 4917 4977 5004 5108 5301 5331 5442 5460 5495 5814 5999 6045 6047 6248 6253 6260 6261 6267 6285 6392 6446 6480 6663 6680 7028 7142 7175 7476 7598 7684 7697 7759 7853 7859 7861 7870 7972 8020 8404 8414 8417 8460 8478 8502 8594 8616 8684 8793 8857 8869 8875 8896 8923 8946 8964 9053 9064 9072 9093 9098 9128 9142 9150 9156 9377 9458 9477 9540 9667 9682 9804 9855 9903 9966 10007 10031 10034 10044 10084 10086 10143 10321 10345 10398 10463 10550 10589 10607 10609 10640 10688 11025 11061 11083 11172 11177 11204 11215 11251 11253 11377 11467 11536 11560 11696 11899 11914 11963 11969 11984 12236 12248 12285 12308 12397 12454 12498 12542 12630 12669 12705 12771 12811 12820 12822 12882 12940 13105 13135 13183 13263 13276 13477 13708 13780 13789 13880 13924 13933 13942 13958 13966 13981 14000 14025 14053 14059 14133 14148 14178 14182 14258 14318 14323 14417 14433 14502 14544 14569 14793 14798 14861 14872 14890 14893 14927 14978 14979 15038 15043 15071 15077 15110 15119 15148 15172 15204 15218 15236 15257 15263 15311 15314 15323 15326 15381 15402 15431 15452 15479 15497 15514 15535 15662 15670 15672 15693 15758 15784 15812 15824 15849 15860 15889 15904 15905 15907 15924 15939 15940 15941 15942 15946 15951 15978 16017 16051 16147 16162 16163 16167 16317 16391 16400 16482"	""	"489C 1438G 3010A 3206T 4883T 7028T 8414T 9540C 10398G 12705T 14979C 15043A 15326G"	""	""	"489C 1438G 3010A 3206T 4883T 7028T 8414T 9540C 10398G 12705T 14979C 15043A 15326G"
"NA19210"	"L1b1a15"	"1"	"0.9762"	"70 93 125 197 215 217 236 285 293 295 418 456 477 482 489 499 606 629 710 711 921 951 1005 1018 1041 1048 1243 1382 1393 1406 1413 1438 1442 1664 1694 1700 1703 1706 1709 1717 1719 1721 1811 1842 1888 2056 2158 2218 2259 2283 2332 2352 2358 2416 2417 2755 2758 2768 2772 2880 2885 3010 3027 3116 3203 3206 3210 3316 3338 3348 3384 3394 3396 3398 3434 3497 3547 3571 3644 3705 3720 3736 3746 3826 3866 3915 3918 3970 3992 4023 4025 4093 4129 4164 4335 4336 4363 4491 4732 4833 4883 4917 4977 5004 5108 5301 5331 5442 5460 5495 5814 5999 6045 6047 6248 6253 6260 6261 6267 6285 6392 6446 6480 6663 6680 7028 7142 7175 7476 7598 7684 7697 7759 7853 7859 7861 7870 7972 8020 8404 8414 8417 8460 8478 8502 8594 8616 8684 8793 8857 8869 8875 8896 8923 8946 8964 9053 9064 9072 9093 9098 9128 9142 9150 9156 9377 9458 9477 9540 9667 9682 9804 9855 9903 9966 10007 10031 10034 10044 10084 10086 10143 10321 10345 10398 10463 10550 10589 10607 10609 10640 10688 11025 11061 11083 11172 11177 11204 11215 11251 11253 11377 11467 11536 11560 11696 11899 11914 11963 11969 11984 12236 12248 12285 12308 12397 12454 12498 12542 12630 12669 12705 12771 12811 12820 12822 12882 12940 13105 13135 13183 13263 13276 13477 13708 13780 13789 13880 13924 13933 13942 13958 13966 13981 14000 14025 14053 14059 14133 14148 14178 14182 14258 14318 14323 14417 14433 14502 14544 14569 14793 14798 14861 14872 14890 14893 14927 14978 14979 15038 15043 15071 15077 15110 15119 15148 15172 15204 15218 15236 15257 15263 15311 15314 15323 15326 15381 15402 15431 15452 15479 15497 15514 15535 15662 15670 15672 15693 15758 15784 15812 15824 15849 15860 15889 15904 15905 15907 15924 15939 15940 15941 15942 15946 15951 15978 16017 16051 16147 16162 16163 16167 16317 16391 16400 16482"	"710C"	"1018A 1438G! 2352C 2758A 2768G 2885C 7028T 9540C 10398G 10688A 12705T 13105G 13789C 13880A 14178C 15077A 15301A! 15326G 16129A!"	""	""	"1018A 2352C 2758A 2768G 2885C 7028T 9540C 10398G 10688A 12705T 13105G 13789C 13880A 14178C 15077A 15326G"
"NA19225"	"L2a1"	"1"	"1.0000"	"70 93 125 197 215 217 236 285 293 295 418 456 477 482 489 499 606 629 710 711 921 951 1005 1018 1041 1048 1243 1382 1393 1406 1413 1438 1442 1664 1694 1700 1703 1706 1709 1717 1719 1721 1811 1842 1888 2056 2158 2218 2259 2283 2332 2352 2358 2416 2417 2755 2758 2768 2772 2880 2885 3010 3027 3116 3203 3206 3210 3316 3338 3348 3384 3394 3396 3398 3434 3497 3547 3571 3644 3705 3720 3736 3746 3826 3866 3915 3918 3970 3992 4023 4025 4093 4129 4164 4335 4336 4363 4491 4732 4833 4883 4917 4977 5004 5108 5301 5331 5442 5460 5495 5814 5999 6045 6047 6248 6253 6260 6261 6267 6285 6392 6446 6480 6663 6680 7028 7142 7175 7476 7598 7684 7697 7759 7853 7859 7861 7870 7972 8020 8404 8414 8417 8460 8478 8502 8594 8616 8684 8793 8857 8869 8875 8896 8923 8946 8964 9053 9064 9072 9093 9098 9128 9142 9150 9156 9377 9458 9477 9540 9667 9682 9804 9855 9903 9966 10007 10031 10034 10044 10084 10086 10143 10321 10345 10398 10463 10550 10589 10607 10609 10640 10688 11025 11061 11083 11172 11177 11204 11215 11251 11253 11377 11467 11536 11560 11696 11899 11914 11963 11969 11984 12236 12248 12285 12308 12397 12454 12498 12542 12630 12669 12705 12771 12811 12820 12822 12882 12940 13105 13135 13183 13263 13276 13477 13708 13780 13789 13880 13924 13933 13942 13958 13966 13981 14000 14025 14053 14059 14133 14148 14178 14182 14258 14318 14323 14417 14433 14502 14544 14569 14793 14798 14861 14872 14890 14893 14927 14978 14979 15038 15043 15071 15077 15110 15119 15148 15172 15204 15218 15236 15257 15263 15311 15314 15323 15326 15381 15402 15431 15452 15479 15497 15514 15535 15662 15670 15672 15693 15758 15784 15812 15824 15849 15860 15889 15904 15905 15907 15924 15939 15940 15941 15942 15946 15951 15978 16017 16051 16147 16162 16163 16167 16317 16391 16400 16482"	""	"150T! 182T! 1018A 1438G 2416C 7028T 7175C 9540C 10398G 11914A 12705T 15326G 15784C 16311C!"	""	""	"1018A 1438G 2416C 7028T 7175C 9540C 10398G 11914A 12705T 15326G 15784C"
"NA19315"	"L3e3b1"	"1"	"1.0000"	"70 93 125 197 215 217 236 285 293 295 418 456 477 482 489 499 606 629 710 711 921 951 1005 1018 1041 1048 1243 1382 1393 1406 1413 1438 1442 1664 1694 1700 1703 1706 1709 1717 1719 1721 1811 1842 1888 2056 2158 2218 2259 2283 2332 2352 2358 2416 2417 2755 2758 2768 2772 2880 2885 3010 3027 3116 3203 3206 3210 3316 3338 3348 3384 3394 3396 3398 3434 3497 3547 3571 3644 3705 3720 3736 3746 3826 3866 3915 3918 3970 3992 4023 4025 4093 4129 4164 4335 4336 4363 4491 4732 4833 4883 4917 4977 5004 5108 5301 5331 5442 5460 5495 5814 5999 6045 6047 6248 6253 6260 6261 6267 6285 6392 6446 6480 6663 6680 7028 7142 7175 7476 7598 7684 7697 7759 7853 7859 7861 7870 7972 8020 8404 8414 8417 8460 8478 8502 8594 8616 8684 8793 8857 8869 8875 8896 8923 8946 8964 9053 9064 9072 9093 9098 9128 9142 9150 9156 9377 9458 9477 9540 9667 9682 9804 9855 9903 9966 10007 10031 10034 10044 10084 10086 10143 10321 10345 10398 10463 10550 10589 10607 10609 10640 10688 11025 11061 11083 11172 11177 11204 11215 11251 11253 11377 11467 11536 11560 11696 11899 11914 11963 11969 11984 12236 12248 12285 12308 12397 12454 12498 12542 12630 12669 12705 12771 12811 12820 12822 12882 12940 13105 13135 13183 13263 13276 13477 13708 13780 13789 13880 13924 13933 13942 13958 13966 13981 14000 14025 14053 14059 14133 14148 14178 14182 14258 14318 14323 14417 14433 14502 14544 14569 14793 14798 14861 14872 14890 14893 14927 14978 14979 15038 15043 15071 15077 15110 15119 15148 15172 15204 15218 15236 15257 15263 15311 15314 15323 15326 15381 15402 15431 15452 15479 15497 15514 15535 15662 15670 15672 15693 15758 15784 15812 15824 15849 15860 15889 15904 15905 15907 15924 15939 15940 15941 15942 15946 15951 15978 16017 16051 16147 16162 16163 16167 16317 16391 16400 16482"	""	"750G! 1438G 2352C 6261A 7028T 9540C 10398G 12248G 12705T 15326G 15812A"	""	""	"1438G 2352C 6261A 7028T 9540C 10398G 12248G 12705T 15326G 15812A"
"NA19462"	"L1b1a15"	"1"	"0.9762"	"70 93 125 197 215 217 236 285 293 295 418 456 477 482 489 499 606 629 710 711 921 951 1005 1018 1041 1048 1243 1382 1393 1406 1413 1438 1442 1664 1694 1700 1703 1706 1709 1717 1719 1721 1811 1842 1888 2056 2158 2218 2259 2283 2332 2352 2358 2416 2417 2755 2758 2768 2772 2880 2885 3010 3027 3116 3203 3206 3210 3316 3338 3348 3384 3394 3396 3398 3434 3497 3547 3571 3644 3705 3720 3736 3746 3826 3866 3915 3918 3970 3992 4023 4025 4093 4129 4164 4335 4336 4363 4491 4732 4833 4883 4917 4977 5004 5108 5301 5331 5442 5460 5495 5814 5999 6045 6047 6248 6253 6260 6261 6267 6285 6392 6446 6480 6663 6680 7028 7142 7175 7476 7598 7684 7697 7759 7853 7859 7861 7870 7972 8020 8404 8414 8417 8460 8478 8502 8594 8616 8684 8793 8857 8869 8875 8896 8923 8946 8964 9053 9064 9072 9093 9098 9128 9142 9150 9156 9377 9458 9477 9540 9667 9682 9804 9855 9903 9966 10007 10031 10034 10044 10084 10086 10143 10321 10345 10398 10463 10550 10589 10607 10609 10640 10688 11025 11061 11083 11172 11177 11204 11215 11251 11253 11377 11467 11536 11560 11696 11899 11914 11963 11969 11984 12236 12248 12285 12308 12397 12454 12498 12542 12630 12669 12705 12771 12811 12820 12822 12882 12940 13105 13135 13183 13263 13276 13477 13708 13780 13789 13880 13924 13933 13942 13958 13966 13981 14000 14025 14053 14059 14133 14148 14178 14182 14258 14318 14323 14417 14433 14502 14544 14569 14793 14798 14861 14872 14890 14893 14927 14978 14979 15038 15043 15071 15077 15110 15119 15148 15172 15204 15218 15236 15257 15263 15311 15314 15323 15326 15381 15402 15431 15452 15479 15497 15514 15535 15662 15670 15672 15693 15758 15784 15812 15824 15849 15860 15889 15904 15905 15907 15924 15939 15940 15941 15942 15946 15951 15978 16017 16051 16147 16162 16163 16167 16317 16391 16400 16482"	"710C"	"1018A 1438G! 2352C 2758A 2768G 2885C 7028T 9540C 10398G 10688A 12705T 13105G 13789C 13880A 14178C 15077A 15301A! 15326G 16129A!"	""	""	"1018A 2352C 2758A 2768G 2885C 7028T 9540C 10398G 10688A 12705T 13105G 13789C 13880A 14178C 15077A 15326G"
"NA19712"	"L1c2b1c"	"1"	"1.0000"	"70 93 125 197 215 217 236 285 293 295 418 456 477 482 489 499 606 629 710 711 921 951 1005 1018 1041 1048 1243 1382 1393 1406 1413 1438 1442 1664 1694 1700 1703 1706 1709 1717 1719 1721 1811 1842 1888 2056 2158 2218 2259 2283 2332 2352 2358 2416 2417 2755 2758 2768 2772 2880 2885 3010 3027 3116 3203 3206 3210 3316 3338 3348 3384 3394 3396 3398 3434 3497 3547 3571 3644 3705 3720 3736 3746 3826 3866 3915 3918 3970 3992 4023 4025 4093 4129 4164 4335 4336 4363 4491 4732 4833 4883 4917 4977 5004 5108 5301 5331 5442 5460 5495 5814 5999 6045 6047 6248 6253 6260 6261 6267 6285 6392 6446 6480 6663 6680 7028 7142 7175 7476 7598 7684 7697 7759 7853 7859 7861 7870 7972 8020 8404 8414 8417 8460 8478 8502 8594 8616 8684 8793 8857 8869 8875 8896 8923 8946 8964 9053 9064 9072 9093 9098 9128 9142 9150 9156 9377 9458 9477 9540 9667 9682 9804 9855 9903 9966 10007 10031 10034 10044 10084 10086 10143 10321 10345 10398 10463 10550 10589 10607 10609 10640 10688 11025 11061 11083 11172 11177 11204 11215 11251 11253 11377 11467 11536 11560 11696 11899 11914 11963 11969 11984 12236 12248 12285 12308 12397 12454 12498 12542 12630 12669 12705 12771 12811 12820 12822 12882 12940 13105 13135 13183 13263 13276 13477 13708 13780 13789 13880 13924 13933 13942 13958 13966 13981 14000 14025 14053 14059 14133 14148 14178 14182 14258 14318 14323 14417 14433 14502 14544 14569 14793 14798 14861 14872 14890 14893 14927 14978 14979 15038 15043 15071 15077 15110 15119 15148 15172 15204 15218 15236 15257 15263 15311 15314 15323 15326 15381 15402 15431 15452 15479 15497 15514 15535 15662 15670 15672 15693 15758 15784 15812 15824 15849 15860 15889 15904 15905 15907 15924 15939 15940 15941 15942 15946 15951 15978 16017 16051 16147 16162 16163 16167 16317 16391 16400 16482"	""	"1018A 1438G 2758A 2885C 6253C 7028T 9072G 9540C 10031C 10321C 10398G 10688A 12705T 13105G 13789C 14000A 14178C 15301A! 15326G 15672C"	""	""	"1018A 1438G 2758A 2885C 6253C 7028T 9072G 9540C 10031C 10321C 10398G 10688A 12705T 13105G 13789C 14000A 14178C 15326G 15672C"
"NA19747"	"D4"	"1"	"1.0000"	"70 93 125 197 215 217 236 285 293 295 418 456 477 482 489 499 606 629 710 711 921 951 1005 1018 1041 1048 1243 1382 1393 1406 1413 1438 1442 1664 1694 1700 1703 1706 1709 1717 1719 1721 1811 1842 1888 2056 2158 2218 2259 2283 2332 2352 2358 2416 2417 2755 2758 2768 2772 2880 2885 3010 3027 3116 3203 3206 3210 3316 3338 3348 3384 3394 3396 3398 3434 3497 3547 3571 3644 3705 3720 3736 3746 3826 3866 3915 3918 3970 3992 4023 4025 4093 4129 4164 4335 4336 4363 4491 4732 4833 4883 4917 4977 5004 5108 5301 5331 5442 5460 5495 5814 5999 6045 6047 6248 6253 6260 6261 6267 6285 6392 6446 6480 6663 6680 7028 7142 7175 7476 7598 7684 7697 7759 7853 7859 7861 7870 7972 8020 8404 8414 8417 8460 8478 8502 8594 8616 8684 8793 8857 8869 8875 8896 8923 8946 8964 9053 9064 9072 9093 9098 9128 9142 9150 9156 9377 9458 9477 9540 9667 9682 9804 9855 9903 9966 10007 10031 10034 10044 10084 10086 10143 10321 10345 10398 10463 10550 10589 10607 10609 10640 10688 11025 11061 11083 11172 11177 11204 11215 11251 11253 11377 11467 11536 11560 11696 11899 11914 11963 11969 11984 12236 12248 12285 12308 12397 12454 12498 12542 12630 12669 12705 12771 12811 12820 12822 12882 12940 13105 13135 13183 13263 13276 13477 13708 13780 13789 13880 13924 13933 13942 13958 13966 13981 14000 14025 14053 14059 14133 14148 14178 14182 14258 14318 14323 14417 14433 14502 14544 14569 14793 14798 14861 14872 14890 14893 14927 14978 14979 15038 15043 15071 15077 15110 15119 15148 15172 15204 15218 15236 15257 15263 15311 15314 15323 15326 15381 15402 15431 15452 15479 15497 15514 15535 15662 15670 15672 15693 15758 15784 15812 15824 15849 15860 15889 15904 15905 15907 15924 15939 15940 15941 15942 15946 15951 15978 16017 16051 16147 16162 16163 16167 16317 16391 16400 16482"	""	"489C 1438G 3010A 4883T 7028T 8414T 9540C 10398G 12705T 15043A 15326G"	""	""	"489C 1438G 3010A 4883T 7028T 8414T 9540C 10398G 12705T 15043A 15326G"
"NA19780"	"B2"	"1"	"1.0000"	"70 93 125 197 215 217 236 285 293 295 418 456 477 482 489 499 606 629 710 711 921 951 1005 1018 1041 1048 1243 1382 1393 1406 1413 1438 1442 1664 1694 1700 1703 1706 1709 1717 1719 1721 1811 1842 1888 2056 2158 2218 2259 2283 2332 2352 2358 2416 2417 2755 2758 2768 2772 2880 2885 3010 3027 3116 3203 3206 3210 3316 3338 3348 3384 3394 3396 3398 3434 3497 3547 3571 3644 3705 3720 3736 3746 3826 3866 3915 3918 3970 3992 4023 4025 4093 4129 4164 4335 4336 4363 4491 4732 4833 4883 4917 4977 5004 5108 5301 5331 5442 5460 5495 5814 5999 6045 6047 6248 6253 6260 6261 6267 6285 6392 6446 6480 6663 6680 7028 7142 7175 7476 7598 7684 7697 7759 7853 7859 7861 7870 7972 8020 8404 8414 8417 8460 8478 8502 8594 8616 8684 8793 8857 8869 8875 8896 8923 8946 8964 9053 9064 9072 9093 9098 9128 9142 9150 9156 9377 9458 9477 9540 9667 9682 9804 9855 9903 9966 10007 10031 10034 10044 10084 10086 10143 10321 10345 10398 10463 10550 10589 10607 10609 10640 10688 11025 11061 11083 11172 11177 11204 11215 11251 11253 11377 11467 11536 11560 11696 11899 11914 11963 11969 11984 12236 12248 12285 12308 12397 12454 12498 12542 12630 12669 12705 12771 12811 12820 12822 12882 12940 13105 13135 13183 13263 13276 13477 13708 13780 13789 13880 13924 13933 13942 13958 13966 13981 14000 14025 14053 14059 14133 14148 14178 14182 14258 14318 14323 14417 14433 14502 14544 14569 14793 14798 14861 14872 14890 14893 14927 14978 14979 15038 15043 15071 15077 15110 15119 15148 15172 15204 15218 15236 15257 15263 15311 15314 15323 15326 15381 15402 15431 15452 15479 15497 15514 15535 15662 15670 15672 15693 15758 15784 15812 15824 15849 15860 15889 15904 15905 15907 15924 15939 15940 15941 15942 15946 15951 15978 16017 16051 16147 16162 16163 16167 16317 16391 16400 16482"	""	"499A 1438G 3547G 4977C 7028T 11177T 15326G 15535T"	""	""	"499A 1438G 3547G 4977C 7028T 11177T 15326G 15535T"
"NA20530"	"K1"	"1"	"0.9765"	"70 93 125 197 215 217 236 285 293 295 418 456 477 482 489 499 606 629 710 711 921 951 1005 1018 1041 1048 1243 1382 1393 1406 1413 1438 1442 1664 1694 1700 1703 1706 1709 1717 1719 1721 1811 1842 1888 2056 2158 2218 2259 2283 2332 2352 2358 2416 2417 2755 2758 2768 2772 2880 2885 3010 3027 3116 3203 3206 3210 3316 3338 3348 3384 3394 3396 3398 3434 3497 3547 3571 3644 3705 3720 3736 3746 3826 3866 3915 3918 3970 3992 4023 4025 4093 4129 4164 4335 4336 4363 4491 4732 4833 4883 4917 4977 5004 5108 5301 5331 5442 5460 5495 5814 5999 6045 6047 6248 6253 6260 6261 6267 6285 6392 6446 6480 6663 6680 7028 7142 7175 7476 7598 7684 7697 7759 7853 7859 7861 7870 7972 8020 8404 8414 8417 8460 8478 8502 8594 8616 8684 8793 8857 8869 8875 8896 8923 8946 8964 9053 9064 9072 9093 9098 9128 9142 9150 9156 9377 9458 9477 9540 9667 9682 9804 9855 9903 9966 10007 10031 10034 10044 10084 10086 10143 10321 10345 10398 10463 10550 10589 10607 10609 10640 10688 11025 11061 11083 11172 11177 11204 11215 11251 11253 11377 11467 11536 11560 11696 11899 11914 11963 11969 11984 12236 12248 12285 12308 12397 12454 12498 12542 12630 12669 12705 12771 12811 12820 12822 12882 12940 13105 13135 13183 13263 13276 13477 13708 13780 13789 13880 13924 13933 13942 13958 13966 13981 14000 14025 14053 14059 14133 14148 14178 14182 14258 14318 14323 14417 14433 14502 14544 14569 14793 14798 14861 14872 14890 14893 14927 14978 14979 15038 15043 15071 15077 15110 15119 15148 15172 15204 15218 15236 15257 15263 15311 15314 15323 15326 15381 15402 15431 15452 15479 15497 15514 15535 15662 15670 15672 15693 15758 15784 15812 15824 15849 15860 15889 15904 15905 15907 15924 15939 15940 15941 15942 15946 15951 15978 16017 16051 16147 16162 16163 16167 16317 16391 16400 16482"	""	"1438G 1811G 7028T 10398G 10550G 11467G 12308G 14798C 15326G"	"13708A (localPrivateMutation)"	"13708A [A458T| Codon 1 | ND5 ]"	"1438G 1811G 7028T 10398G 10550G 11467G 12308G 13708A 14798C 15326G"
"NA20797"	"V2"	"1"	"1.0000"	"70 93 125 197 215 217 236 285 293 295 418 456 477 482 489 499 606 629 710 711 921 951 1005 1018 1041 1048 1243 1382 1393 1406 1413 1438 1442 1664 1694 1700 1703 1706 1709 1717 1719 1721 1811 1842 1888 2056 2158 2218 2259 2283 2332 2352 2358 2416 2417 2755 2758 2768 2772 2880 2885 3010 3027 3116 3203 3206 3210 3316 3338 3348 3384 3394 3396 3398 3434 3497 3547 3571 3644 3705 3720 3736 3746 3826 3866 3915 3918 3970 3992 4023 4025 4093 4129 4164 4335 4336 4363 4491 4732 4833 4883 4917 4977 5004 5108 5301 5331 5442 5460 5495 5814 5999 6045 6047 6248 6253 6260 6261 6267 6285 6392 6446 6480 6663 6680 7028 7142 7175 7476 7598 7684 7697 7759 7853 7859 7861 7870 7972 8020 8404 8414 8417 8460 8478 8502 8594 8616 8684 8793 8857 8869 8875 8896 8923 8946 8964 9053 9064 9072 9093 9098 9128 9142 9150 9156 9377 9458 9477 9540 9667 9682 9804 9855 9903 9966 10007 10031 10034 10044 10084 10086 10143 10321 10345 10398 10463 10550 10589 10607 10609 10640 10688 11025 11061 11083 11172 11177 11204 11215 11251 11253 11377 11467 11536 11560 11696 11899 11914 11963 11969 11984 12236 12248 12285 12308 12397 12454 12498 12542 12630 12669 12705 12771 12811 12820 12822 12882 12940 13105 13135 13183 13263 13276 13477 13708 13780 13789 13880 13924 13933 13942 13958 13966 13981 14000 14025 14053 14059 14133 14148 14178 14182 14258 14318 14323 14417 14433 14502 14544 14569 14793 14798 14861 14872 14890 14893 14927 14978 14979 15038 15043 15071 15077 15110 15119 15148 15172 15204 15218 15236 15257 15263 15311 15314 15323 15326 15381 15402 15431 15452 15479 15497 15514 15535 15662 15670 15672 15693 15758 15784 15812 15824 15849 15860 15889 15904 15905 15907 15924 15939 15940 15941 15942 15946 15951 15978 16017 16051 16147 16162 16163 16167 16317 16391 16400 16482"	""	"1438G 7028T 13105G 15326G 15904T"	""	""	"1438G 7028T 13105G 15326G 15904T"
"NA20827"	"U5a1"	"1"	"0.9480"	"70 93 125 197 215 217 236 285 293 295 418 456 477 482 489 499 606 629 710 711 921 951 1005 1018 1041 1048 1243 1382 1393 1406 1413 1438 1442 1664 1694 1700 1703 1706 1709 1717 1719 1721 1811 1842 1888 2056 2158 2218 2259 2283 2332 2352 2358 2416 2417 2755 2758 2768 2772 2880 2885 3010 3027 3116 3203 3206 3210 3316 3338 3348 3384 3394 3396 3398 3434 3497 3547 3571 3644 3705 3720 3736 3746 3826 3866 3915 3918 3970 3992 4023 4025 4093 4129 4164 4335 4336 4363 4491 4732 4833 4883 4917 4977 5004 5108 5301 5331 5442 5460 5495 5814 5999 6045 6047 6248 6253 6260 6261 6267 6285 6392 6446 6480 6663 6680 7028 7142 7175 7476 7598 7684 7697 7759 7853 7859 7861 7870 7972 8020 8404 8414 8417 8460 8478 8502 8594 8616 8684 8793 8857 8869 8875 8896 8923 8946 8964 9053 9064 9072 9093 9098 9128 9142 9150 9156 9377 9458 9477 9540 9667 9682 9804 9855 9903 9966 10007 10031 10034 10044 10084 10086 10143 10321 10345 10398 10463 10550 10589 10607 10609 10640 10688 11025 11061 11083 11172 11177 11204 11215 11251 11253 11377 11467 11536 11560 11696 11899 11914 11963 11969 11984 12236 12248 12285 12308 12397 12454 12498 12542 12630 12669 12705 12771 12811 12820 12822 12882 12940 13105 13135 13183 13263 13276 13477 13708 13780 13789 13880 13924 13933 13942 13958 13966 13981 14000 14025 14053 14059 14133 14148 14178 14182 14258 14318 14323 14417 14433 14502 14544 14569 14793 14798 14861 14872 14890 14893 14927 14978 14979 15038 15043 15071 15077 15110 15119 15148 15172 15204 15218 15236 15257 15263 15311 15314 15323 15326 15381 15402 15431 15452 15479 15497 15514 15535 15662 15670 15672 15693 15758 15784 15812 15824 15849 15860 15889 15904 15905 15907 15924 15939 15940 15941 15942 15946 15951 15978 16017 16051 16147 16162 16163 16167 16317 16391 16400 16482"	""	"1438G 7028T 9477A 11467G 12308G 14793G 15218G 15326G"	"16162G (localPrivateMutation)"	""	"1438G 7028T 9477A 11467G 12308G 14793G 15218G 15326G 16162G"
"NA20870"	"H"	"1"	"1.0000"	"70 93 125 197 215 217 236 285 293 295 418 456 477 482 489 499 606 629 710 711 921 951 1005 1018 1041 1048 1243 1382 1393 1406 1413 1438 1442 1664 1694 1700 1703 1706 1709 1717 1719 1721 1811 1842 1888 2056 2158 2218 2259 2283 2332 2352 2358 2416 2417 2755 2758 2768 2772 2880 2885 3010 3027 3116 3203 3206 3210 3316 3338 3348 3384 3394 3396 3398 3434 3497 3547 3571 3644 3705 3720 3736 3746 3826 3866 3915 3918 3970 3992 4023 4025 4093 4129 4164 4335 4336 4363 4491 4732 4833 4883 4917 4977 5004 5108 5301 5331 5442 5460 5495 5814 5999 6045 6047 6248 6253 6260 6261 6267 6285 6392 6446 6480 6663 6680 7028 7142 7175 7476 7598 7684 7697 7759 7853 7859 7861 7870 7972 8020 8404 8414 8417 8460 8478 8502 8594 8616 8684 8793 8857 8869 8875 8896 8923 8946 8964 9053 9064 9072 9093 9098 9128 9142 9150 9156 9377 9458 9477 9540 9667 9682 9804 9855 9903 9966 10007 10031 10034 10044 10084 10086 10143 10321 10345 10398 10463 10550 10589 10607 10609 10640 10688 11025 11061 11083 11172 11177 11204 11215 11251 11253 11377 11467 11536 11560 11696 11899 11914 11963 11969 11984 12236 12248 12285 12308 12397 12454 12498 12542 12630 12669 12705 12771 12811 12820 12822 12882 12940 13105 13135 13183 13263 13276 13477 13708 13780 13789 13880 13924 13933 13942 13958 13966 13981 14000 14025 14053 14059 14133 14148 14178 14182 14258 14318 14323 14417 14433 14502 14544 14569 14793 14798 14861 14872 14890 14893 14927 14978 14979 15038 15043 15071 15077 15110 15119 15148 15172 15204 15218 15236 15257 15263 15311 15314 15323 15326 15381 15402 15431 15452 15479 15497 15514 15535 15662 15670 15672 15693 15758 15784 15812 15824 15849 15860 15889 15904 15905 15907 15924 15939 15940 15941 15942 15946 15951 15978 16017 16051 16147 16162 16163 16167 16317 16391 16400 16482"	""	"1438G 15326G"	""	""	"1438G 15326G"
"NA21097"	"U1a"	"1"	"1.0000"	"70 93 125 197 215 217 236 285 293 295 418 456 477 482 489 499 606 629 710 711 921 951 1005 1018 1041 1048 1243 1382 1393 1406 1413 1438 1442 1664 1694 1700 1703 1706 1709 1717 1719 1721 1811 1842 1888 2056 2158 2218 2259 2283 2332 2352 2358 2416 2417 2755 2758 2768 2772 2880 2885 3010 3027 3116 3203 3206 3210 3316 3338 3348 3384 3394 3396 3398 3434 3497 3547 3571 3644 3705 3720 3736 3746 3826 3866 3915 3918 3970 3992 4023 4025 4093 4129 4164 4335 4336 4363 4491 4732 4833 4883 4917 4977 5004 5108 5301 5331 5442 5460 5495 5814 5999 6045 6047 6248 6253 6260 6261 6267 6285 6392 6446 6480 6663 6680 7028 7142 7175 7476 7598 7684 7697 7759 7853 7859 7861 7870 7972 8020 8404 8414 8417 8460 8478 8502 8594 8616 8684 8793 8857 8869 8875 8896 8923 8946 8964 9053 9064 9072 9093 9098 9128 9142 9150 9156 9377 9458 9477 9540 9667 9682 9804 9855 9903 9966 10007 10031 10034 10044 10084 10086 10143 10321 10345 10398 10463 10550 10589 10607 10609 10640 10688 11025 11061 11083 11172 11177 11204 11215 11251 11253 11377 11467 11536 11560 11696 11899 11914 11963 11969 11984 12236 12248 12285 12308 12397 12454 12498 12542 12630 12669 12705 12771 12811 12820 12822 12882 12940 13105 13135 13183 13263 13276 13477 13708 13780 13789 13880 13924 13933 13942 13958 13966 13981 14000 14025 14053 14059 14133 14148 14178 14182 14258 14318 14323 14417 14433 14502 14544 14569 14793 14798 14861 14872 14890 14893 14927 14978 14979 15038 15043 15071 15077 15110 15119 15148 15172 15204 15218 15236 15257 15263 15311 15314 15323 15326 15381 15402 15431 15452 15479 15497 15514 15535 15662 15670 15672 15693 15758 15784 15812 15824 15849 15860 15889 15904 15905 15907 15924 15939 15940 15941 15942 15946 15951 15978 16017 16051 16147 16162 16163 16167 16317 16391 16400 16482"	""	"285T 1438G 2218T 7028T 11467G 12308G 15148A 15326G"	""	""	"285T 1438G 2218T 7028T 11467G 12308G 15148A 15326G"
