"SampleID"	"Haplogroup"	"Rank"	"Quality"	"Range"	"Input_Sample"	"Found_Polymorphisms"	"Missing_Polymorphisms"	"Extra_Polymorphisms"	"Found_Weight"	"Expected_Weight"	"Sample_Weight"
"HG02808"	"L2a1c"	"1"	"1.0000"	"1-16569"	"1018A 10398G 11914A 12705T 1438G 15326G 15784C 2416C 3010A 6663G 7028T 7175C 9540C"	"1018A 1438G 2416C 3010A 6663G 7028T 7175C 9540C 10398G 11914A 12705T 15326G 15784C"	""	""	"52.7000"	"52.7000"	"52.7000"
"HG00513"	"R11"	"1"	"1.0000"	"1-16569"	"10031C 10398G 11061T 1438G 15326G 7028T"	"1438G 7028T 10031C 10398G 11061T 15326G"	""	""	"20.2000"	"20.2000"	"20.2000"
"NA19462"	"L1b1a15"	"1"	"0.9669"	"1-16569"	"1018A 10398G 10688A 12705T 13105G 13789C 13880A 14178C 15077A 15326G 2352C 2758A 2768G 2885C 7028T 9540C"	"1018A 2352C 2758A 2768G 2885C 7028T 9540C 10398G 10688A 12705T 13105G 13789C 13880A 14178C 15077A 15326G"	"710C"	""	"91.8000"	"98.3000"	"91.8000"
"HG03698"	"N1a"	"1"	"0.8608"	"1-16569"	"12705T 13780G 1438G 15326G 1719A 3915A 7028T"	"1438G 1719A 7028T 12705T 13780G 15326G"	""	"3915A"	"14.0000"	"14.0000"	"19.4000"
"HG01119"	"N"	"1"	"0.5000"	"1-16569"	"12705T 1438G 15326G 7028T"	"1438G 7028T 12705T 15326G"	""	""	"0.0000"	"0.0000"	"0.0000"
"HG03817"	"U2c1a"	"1"	"1.0000"	"1-16569"	"11467G 12308G 1438G 15043A 15326G 16051G 1811G 7028T"	"1438G 1811G 7028T 11467G 12308G 15043A 15326G 16051G"	""	""	"34.8000"	"34.8000"	"34.8000"
"HG01871"	"M7b1a1"	"1"	"1.0000"	"1-16569"	"10398G 12705T 12811C 1438G 15043A 15326G 4164G 489C 5460A 6680C 7028T 7684C 7853A 9540C"	"489C 1438G 4164G 5460A 6680C 7028T 7684C 7853A 9540C 10398G 12705T 12811C 15043A 15326G"	""	""	"58.9000"	"58.9000"	"58.9000"
"NA12282"	"J1b1a"	"1"	"1.0000"	"1-16569"	"10398G 11251G 13708A 1438G 15326G 15452A 2158C 295T 3010A 489C 5460A 7028T"	"295T 489C 1438G 2158C 3010A 5460A 7028T 10398G 11251G 13708A 15326G 15452A"	""	""	"60.4000"	"60.4000"	"60.4000"
"NA20530"	"K1"	"1"	"0.9649"	"1-16569"	"10398G 10550G 11467G 12308G 13708A 1438G 14798C 15326G 1811G 7028T"	"1438G 1811G 7028T 10398G 10550G 11467G 12308G 14798C 15326G"	""	"13708A"	"46.4000"	"46.4000"	"49.9000"
"NA19747"	"D4"	"1"	"1.0000"	"1-16569"	"10398G 12705T 1438G 15043A 15326G 3010A 4883T 489C 7028T 8414T 9540C"	"489C 1438G 3010A 4883T 7028T 8414T 9540C 10398G 12705T 15043A 15326G"	""	""	"42.8000"	"42.8000"	"42.8000"
"HG00599"	"N"	"1"	"0.5000"	"1-16569"	"1438G 15326G 7028T"	"1438G 7028T 15326G"	"12705T"	""	"0.0000"	"0.0000"	"0.0000"
"HG00178"	"H13a"	"1"	"1.0000"	"1-16569"	"1438G 14872T 15326G 2259T"	"1438G 2259T 14872T 15326G"	""	""	"18.8000"	"18.8000"	"18.8000"
"NA12874"	"J1c8a"	"1"	"0.9611"	"1-16569"	"10084C 11251G 13708A 1438G 14798C 15326G 15452A 295T 3010A 489C 7028T"	"295T 489C 1438G 3010A 7028T 10084C 11251G 13708A 14798C 15326G 15452A"	"10398G"	""	"56.9000"	"61.7000"	"56.9000"
"HG01630"	"N"	"1"	"0.5000"	"1-16569"	"1438G 15326G"	"1438G 15326G"	"7028T 12705T"	""	"0.0000"	"0.0000"	"0.0000"
"HG00629"	"D4"	"1"	"1.0000"	"1-16569"	"10398G 12705T 1438G 15043A 15326G 3010A 4883T 489C 7028T 8414T 9540C"	"489C 1438G 3010A 4883T 7028T 8414T 9540C 10398G 12705T 15043A 15326G"	""	""	"42.8000"	"42.8000"	"42.8000"
"NA21097"	"U1a"	"1"	"1.0000"	"1-16569"	"11467G 12308G 1438G 15148A 15326G 2218T 285T 7028T"	"285T 1438G 2218T 7028T 11467G 12308G 15148A 15326G"	""	""	"40.8000"	"40.8000"	"40.8000"
"NA19210"	"L1b1a15"	"1"	"0.9669"	"1-16569"	"1018A 10398G 10688A 12705T 13105G 13789C 13880A 14178C 15077A 15326G 2352C 2758A 2768G 2885C 7028T 9540C"	"1018A 2352C 2758A 2768G 2885C 7028T 9540C 10398G 10688A 12705T 13105G 13789C 13880A 14178C 15077A 15326G"	"710C"	""	"91.8000"	"98.3000"	"91.8000"
"HG03611"	"M"	"1"	"0.8498"	"1-16569"	"10345C 10398G 12705T 1438G 15043A 15326G 489C 7028T 9540C"	"489C 1438G 7028T 9540C 10398G 12705T 15043A 15326G"	""	"10345C"	"19.1000"	"19.1000"	"27.3000"
"HG04001"	"M18a"	"1"	"1.0000"	"1-16569"	"10398G 12498T 12705T 13135A 1438G 15043A 15326G 489C 7028T 93G 9540C"	"93G 489C 1438G 7028T 9540C 10398G 12498T 12705T 13135A 15043A 15326G"	""	""	"37.3000"	"37.3000"	"37.3000"
"HG03432"	"L2a1"	"1"	"1.0000"	"1-16569"	"1018A 10398G 11914A 12705T 1438G 15326G 15784C 2416C 7028T 7175C 9540C"	"1018A 1438G 2416C 7028T 7175C 9540C 10398G 11914A 12705T 15326G 15784C"	""	""	"37.8000"	"37.8000"	"37.8000"
"HG02775"	"U7b"	"1"	"0.9630"	"1-16569"	"10084C 11467G 12308G 1438G 14569A 15326G 1811G 5460A 7028T 8684T"	"1438G 1811G 7028T 8684T 10084C 11467G 12308G 14569A 15326G"	""	"5460A"	"43.8000"	"43.8000"	"47.3000"
"NA19225"	"L2a1"	"1"	"1.0000"	"1-16569"	"1018A 10398G 11914A 12705T 1438G 15326G 15784C 2416C 7028T 7175C 9540C"	"1018A 1438G 2416C 7028T 7175C 9540C 10398G 11914A 12705T 15326G 15784C"	""	""	"37.8000"	"37.8000"	"37.8000"
"HG02275"	"C"	"1"	"1.0000"	"1-16569"	"10398G 11914A 12705T 13263G 14318C 1438G 15043A 15326G 489C 7028T 9540C"	"489C 1438G 7028T 9540C 10398G 11914A 12705T 13263G 14318C 15043A 15326G"	""	""	"40.5000"	"40.5000"	"40.5000"
"NA19712"	"L1c2b1c"	"1"	"1.0000"	"1-16569"	"10031C 1018A 10321C 10398G 10688A 12705T 13105G 13789C 14000A 14178C 1438G 15326G 15672C 2758A 2885C 6253C 7028T 9072G 9540C"	"1018A 1438G 2758A 2885C 6253C 7028T 9072G 9540C 10031C 10321C 10398G 10688A 12705T 13105G 13789C 14000A 14178C 15326G 15672C"	""	""	"105.4000"	"105.4000"	"105.4000"
"NA12815"	"N"	"1"	"0.5000"	"1-16569"	"1438G 15326G"	"1438G 15326G"	"7028T 12705T"	""	"0.0000"	"0.0000"	"0.0000"
"NA20870"	"N"	"1"	"0.5000"	"1-16569"	"1438G 15326G"	"1438G 15326G"	"7028T 12705T"	""	"0.0000"	"0.0000"	"0.0000"
"HG01866"	"B4b1c1"	"1"	"1.0000"	"1-16569"	"11914A 1438G 15326G 15535T 499A 7028T"	"499A 1438G 7028T 11914A 15326G 15535T"	""	""	"19.0000"	"19.0000"	"19.0000"
"HG01631"	"H1"	"1"	"1.0000"	"1-16569"	"1438G 15326G 3010A"	"1438G 3010A 15326G"	""	""	"4.9000"	"4.9000"	"4.9000"
"NA19780"	"B2"	"1"	"1.0000"	"1-16569"	"11177T 1438G 15326G 15535T 3547G 4977C 499A 7028T"	"499A 1438G 3547G 4977C 7028T 11177T 15326G 15535T"	""	""	"41.0000"	"41.0000"	"41.0000"
"NA18561"	"F1d"	"1"	"1.0000"	"1-16569"	"10609C 12882T 1438G 15326G 15402T 3970T 6392C 7028T"	"1438G 3970T 6392C 7028T 10609C 12882T 15326G 15402T"	""	""	"40.7000"	"40.7000"	"40.7000"
"HG00365"	"H1c"	"1"	"1.0000"	"1-16569"	"1438G 15326G 3010A 477C"	"477C 1438G 3010A 15326G"	""	""	"13.1000"	"13.1000"	"13.1000"
"HG03461"	"L2a1"	"1"	"0.9395"	"1-16569"	"1018A 10398G 11914A 12705T 13135A 1438G 15326G 15784C 2416C 7028T 7175C 9540C"	"1018A 1438G 2416C 7028T 7175C 9540C 10398G 11914A 12705T 15326G 15784C"	""	"13135A"	"37.8000"	"37.8000"	"43.0000"
"NA20827"	"U5a1"	"1"	"0.9217"	"1-16569"	"11467G 12308G 1438G 14793G 15218G 15326G 16162G 7028T 9477A"	"1438G 7028T 9477A 11467G 12308G 14793G 15218G 15326G"	""	"16162G"	"39.3000"	"39.3000"	"46.6000"
"HG02508"	"L2a1c"	"1"	"0.9327"	"1-16569"	"1018A 10398G 11914A 12705T 1438G 15119A 15326G 15784C 2416C 3010A 6663G 7028T 7175C 9540C"	"1018A 1438G 2416C 3010A 6663G 7028T 7175C 9540C 10398G 11914A 12705T 15326G 15784C"	""	"15119A"	"52.7000"	"52.7000"	"60.9000"
"HG03520"	"L3e1"	"1"	"0.8849"	"1-16569"	"10398G 12705T 1438G 15326G 15670C 15942C 2352C 236C 7028T 9540C"	"1438G 2352C 7028T 9540C 10398G 12705T 15326G 15670C 15942C"	""	"236C"	"24.4000"	"24.4000"	"31.7000"
"NA18648"	"D4a"	"1"	"1.0000"	"1-16569"	"10398G 12705T 1438G 14979C 15043A 15326G 3010A 3206T 4883T 489C 7028T 8414T 9540C"	"489C 1438G 3010A 3206T 4883T 7028T 8414T 9540C 10398G 12705T 14979C 15043A 15326G"	""	""	"61.6000"	"61.6000"	"61.6000"
"HG01284"	"M57b"	"1"	"0.6383"	"1-16569"	"12705T 1438G 15326G 7028T 9098C"	"1438G 7028T 9098C 12705T 15326G"	"489C 9540C 10398G 15043A"	""	"7.3000"	"26.4000"	"7.3000"
"HG00140"	"H4a1a4"	"1"	"1.0000"	"1-16569"	"1438G 14569A 15326G 3992T 5004C"	"1438G 3992T 5004C 14569A 15326G"	""	""	"20.5000"	"20.5000"	"20.5000"
"HG01597"	"F1"	"1"	"1.0000"	"1-16569"	"10609C 12882T 1438G 15326G 3970T 6392C 7028T"	"1438G 3970T 6392C 7028T 10609C 12882T 15326G"	""	""	"30.7000"	"30.7000"	"30.7000"
"HG03352"	"L3e2b1"	"1"	"1.0000"	"1-16569"	"10398G 12705T 1438G 15326G 2352C 7028T 9377G 9540C"	"1438G 2352C 7028T 9377G 9540C 10398G 12705T 15326G"	""	""	"17.1000"	"17.1000"	"17.1000"
"HG00356"	"T"	"1"	"1.0000"	"1-16569"	"10463C 11251G 1438G 15326G 15452A 1888A 4917G 7028T"	"1438G 1888A 4917G 7028T 10463C 11251G 15326G 15452A"	""	""	"39.2000"	"39.2000"	"39.2000"
"NA20797"	"V2"	"1"	"1.0000"	"1-16569"	"13105G 1438G 15326G 15904T 7028T"	"1438G 7028T 13105G 15326G 15904T"	""	""	"14.6000"	"14.6000"	"14.6000"
"HG03160"	"L3e"	"1"	"1.0000"	"1-16569"	"10398G 12705T 1438G 15326G 2352C 7028T 9540C"	"1438G 2352C 7028T 9540C 10398G 12705T 15326G"	""	""	"11.3000"	"11.3000"	"11.3000"
"HG04026"	"W3a1"	"1"	"0.8908"	"1-16569"	"1243C 12705T 13263G 1406C 14258A 1438G 15326G 15784C 5460A 7028T"	"1243C 1406C 1438G 5460A 7028T 12705T 13263G 15326G 15784C"	""	"14258A"	"31.5000"	"31.5000"	"40.3000"
"HG03771"	"M26"	"1"	"0.9443"	"1-16569"	"10398G 12705T 1438G 15043A 15263T 15326G 489C 7028T 9540C"	"489C 1438G 7028T 9540C 10398G 12705T 15043A 15263T 15326G"	"13708A"	""	"27.9000"	"31.4000"	"27.9000"
"HG04006"	"M5a6"	"1"	"1.0000"	"1-16569"	"10398G 12705T 13708A 14323A 1438G 15043A 15326G 1888A 489C 7028T 9540C"	"489C 1438G 1888A 7028T 9540C 10398G 12705T 13708A 14323A 15043A 15326G"	""	""	"33.1000"	"33.1000"	"33.1000"
"NA19315"	"L3e3b1"	"1"	"1.0000"	"1-16569"	"10398G 12248G 12705T 1438G 15326G 15812A 2352C 6261A 7028T 9540C"	"1438G 2352C 6261A 7028T 9540C 10398G 12248G 12705T 15326G 15812A"	""	""	"35.3000"	"35.3000"	"35.3000"
"HG01372"	"A2q2"	"1"	"1.0000"	"1-16569"	"12705T 1438G 15326G 7028T 7142C"	"1438G 7028T 7142C 12705T 15326G"	""	""	"8.2000"	"8.2000"	"8.2000"
"HG02008"	"D4"	"1"	"1.0000"	"1-16569"	"10398G 12705T 1438G 15043A 15326G 3010A 4883T 489C 7028T 8414T 9540C"	"489C 1438G 3010A 4883T 7028T 8414T 9540C 10398G 12705T 15043A 15326G"	""	""	"42.8000"	"42.8000"	"42.8000"
"HG01844"	"D4a7"	"1"	"1.0000"	"1-16569"	"10398G 12705T 13966G 1438G 14979C 15043A 15326G 15889C 3010A 3206T 4883T 489C 7028T 8414T 9540C"	"489C 1438G 3010A 3206T 4883T 7028T 8414T 9540C 10398G 12705T 13966G 14979C 15043A 15326G 15889C"	""	""	"76.5000"	"76.5000"	"76.5000"
